"";"Ano";"Codigo_Estacao";"Precipitacao_na_count";"Precipitacao_total_count";"Precipitacao_percentage_na";"Temperatura_minima_na_count";"Temperatura_minima_total_count";"Temperatura_minima_percentage_na";"Temperatura_maxima_na_count";"Temperatura_maxima_total_count";"Temperatura_maxima_percentage_na";"Nome";"Latitude";"Longitude";"Altitude";"Situacao";"Data Inicial";"Data Final";"Periodicidade da Medicao";"Tipo";"id"
"1";2000;"82753";30;366;8,2;31;366;8,47;31;366;8,47;"OURICURI";"-7.87944443";"-40.09194444";462,01;"Operante";1985-01-01;2024-05-31;"Diaria";"Convencional";"-7.87944443 -40.09194444 2000"
"2";2000;"82781";366;366;100;366;366;100;366;366;100;"NAZARE DA MATA";"-7.73";"-35.25";87;"Desativada";1985-01-01;2024-05-31;"Diaria";"Convencional";"-7.73 -35.25 2000"
"3";2000;"82789";23;366;6,28;21;366;5,74;21;366;5,74;"TRIUNFO";"-7.82972221";"-38.12222221";1105;"Fechada";1985-01-01;2018-03-28;"Diaria";"Convencional";"-7.82972221 -38.12222221 2000"
"4";2000;"82797";0;366;0;0;366;0;0;366;0;"SURUBIM";"-7.839628";"-35.801056";421,44;"Operante";1985-01-01;2024-05-31;"Diaria";"Convencional";"-7.839628 -35.801056 2000"
"5";2000;"82799";366;366;100;366;366;100;366;366;100;"GOIANA";"-7.55";"-34.98";11;"Desativada";1985-01-01;2024-05-31;"Diaria";"Convencional";"-7.55 -34.98 2000"
"6";2000;"82886";30;366;8,2;30;366;8,2;30;366;8,2;"CABROBO";"-8.50388888";"-39.31527777";342,78;"Operante";1985-01-01;2024-05-31;"Diaria";"Convencional";"-8.50388888 -39.31527777 2000"
"7";2000;"82890";3;366;0,82;2;366;0,55;2;366;0,55;"ARCO VERDE";"-8.4336111";"-37.05527777";683,91;"Operante";1985-01-01;2024-05-31;"Diaria";"Convencional";"-8.4336111 -37.05527777 2000"
"8";2000;"82892";0;366;0;1;366;0,27;1;366;0,27;"PESQUEIRA";"-8.370701";"-36.707812";643,38;"Desativada";1985-01-01;2015-11-18;"Diaria";"Convencional";"-8.370701 -36.707812 2000"
"9";2000;"82893";0;366;0;1;366;0,27;1;366;0,27;"GARANHUNS";"-8.91083333";"-36.49333333";827,78;"Fechada";1985-01-01;2022-11-11;"Diaria";"Convencional";"-8.91083333 -36.49333333 2000"
"10";2000;"82897";366;366;100;366;366;100;366;366;100;"TAPACURA";"-8.17";"-35.18";102;"Desativada";1985-01-01;2024-05-31;"Diaria";"Convencional";"-8.17 -35.18 2000"
"11";2000;"82898";366;366;100;366;366;100;366;366;100;"OLINDA";"-8.02";"-34.85";55;"Desativada";1985-01-01;2024-05-31;"Diaria";"Convencional";"-8.02 -34.85 2000"
"12";2000;"82900";0;366;0;0;366;0;0;366;0;"RECIFE (CURADO)";"-8.05916666";"-34.95916666";11,3;"Fechada";1985-01-01;2020-08-31;"Diaria";"Convencional";"-8.05916666 -34.95916666 2000"
"13";2000;"82983";2;366;0,55;0;366;0;0;366;0;"PETROLINA";"-9.3886111";"-40.52333332";372,54;"Operante";1985-01-01;2024-05-31;"Diaria";"Convencional";"-9.3886111 -40.52333332 2000"
"14";2001;"82753";1;365;0,27;5;365;1,37;5;365;1,37;"OURICURI";"-7.87944443";"-40.09194444";462,01;"Operante";1985-01-01;2024-05-31;"Diaria";"Convencional";"-7.87944443 -40.09194444 2001"
"15";2001;"82781";365;365;100;365;365;100;365;365;100;"NAZARE DA MATA";"-7.73";"-35.25";87;"Desativada";1985-01-01;2024-05-31;"Diaria";"Convencional";"-7.73 -35.25 2001"
"16";2001;"82789";8;365;2,19;14;365;3,84;14;365;3,84;"TRIUNFO";"-7.82972221";"-38.12222221";1105;"Fechada";1985-01-01;2018-03-28;"Diaria";"Convencional";"-7.82972221 -38.12222221 2001"
"17";2001;"82797";0;365;0;0;365;0;0;365;0;"SURUBIM";"-7.839628";"-35.801056";421,44;"Operante";1985-01-01;2024-05-31;"Diaria";"Convencional";"-7.839628 -35.801056 2001"
"18";2001;"82799";365;365;100;365;365;100;365;365;100;"GOIANA";"-7.55";"-34.98";11;"Desativada";1985-01-01;2024-05-31;"Diaria";"Convencional";"-7.55 -34.98 2001"
"19";2001;"82886";30;365;8,22;30;365;8,22;30;365;8,22;"CABROBO";"-8.50388888";"-39.31527777";342,78;"Operante";1985-01-01;2024-05-31;"Diaria";"Convencional";"-8.50388888 -39.31527777 2001"
"20";2001;"82890";0;365;0;18;365;4,93;18;365;4,93;"ARCO VERDE";"-8.4336111";"-37.05527777";683,91;"Operante";1985-01-01;2024-05-31;"Diaria";"Convencional";"-8.4336111 -37.05527777 2001"
"21";2001;"82892";2;365;0,55;1;365;0,27;1;365;0,27;"PESQUEIRA";"-8.370701";"-36.707812";643,38;"Desativada";1985-01-01;2015-11-18;"Diaria";"Convencional";"-8.370701 -36.707812 2001"
"22";2001;"82893";0;365;0;0;365;0;0;365;0;"GARANHUNS";"-8.91083333";"-36.49333333";827,78;"Fechada";1985-01-01;2022-11-11;"Diaria";"Convencional";"-8.91083333 -36.49333333 2001"
"23";2001;"82897";365;365;100;365;365;100;365;365;100;"TAPACURA";"-8.17";"-35.18";102;"Desativada";1985-01-01;2024-05-31;"Diaria";"Convencional";"-8.17 -35.18 2001"
"24";2001;"82898";365;365;100;365;365;100;365;365;100;"OLINDA";"-8.02";"-34.85";55;"Desativada";1985-01-01;2024-05-31;"Diaria";"Convencional";"-8.02 -34.85 2001"
"25";2001;"82900";0;365;0;0;365;0;0;365;0;"RECIFE (CURADO)";"-8.05916666";"-34.95916666";11,3;"Fechada";1985-01-01;2020-08-31;"Diaria";"Convencional";"-8.05916666 -34.95916666 2001"
"26";2001;"82983";2;365;0,55;0;365;0;0;365;0;"PETROLINA";"-9.3886111";"-40.52333332";372,54;"Operante";1985-01-01;2024-05-31;"Diaria";"Convencional";"-9.3886111 -40.52333332 2001"
"27";2002;"82753";4;365;1,1;2;365;0,55;2;365;0,55;"OURICURI";"-7.87944443";"-40.09194444";462,01;"Operante";1985-01-01;2024-05-31;"Diaria";"Convencional";"-7.87944443 -40.09194444 2002"
"28";2002;"82781";365;365;100;365;365;100;365;365;100;"NAZARE DA MATA";"-7.73";"-35.25";87;"Desativada";1985-01-01;2024-05-31;"Diaria";"Convencional";"-7.73 -35.25 2002"
"29";2002;"82789";0;365;0;0;365;0;0;365;0;"TRIUNFO";"-7.82972221";"-38.12222221";1105;"Fechada";1985-01-01;2018-03-28;"Diaria";"Convencional";"-7.82972221 -38.12222221 2002"
"30";2002;"82797";1;365;0,27;0;365;0;0;365;0;"SURUBIM";"-7.839628";"-35.801056";421,44;"Operante";1985-01-01;2024-05-31;"Diaria";"Convencional";"-7.839628 -35.801056 2002"
"31";2002;"82799";365;365;100;365;365;100;365;365;100;"GOIANA";"-7.55";"-34.98";11;"Desativada";1985-01-01;2024-05-31;"Diaria";"Convencional";"-7.55 -34.98 2002"
"32";2002;"82886";0;365;0;29;365;7,95;29;365;7,95;"CABROBO";"-8.50388888";"-39.31527777";342,78;"Operante";1985-01-01;2024-05-31;"Diaria";"Convencional";"-8.50388888 -39.31527777 2002"
"33";2002;"82890";0;365;0;1;365;0,27;1;365;0,27;"ARCO VERDE";"-8.4336111";"-37.05527777";683,91;"Operante";1985-01-01;2024-05-31;"Diaria";"Convencional";"-8.4336111 -37.05527777 2002"
"34";2002;"82892";0;365;0;0;365;0;0;365;0;"PESQUEIRA";"-8.370701";"-36.707812";643,38;"Desativada";1985-01-01;2015-11-18;"Diaria";"Convencional";"-8.370701 -36.707812 2002"
"35";2002;"82893";0;365;0;0;365;0;0;365;0;"GARANHUNS";"-8.91083333";"-36.49333333";827,78;"Fechada";1985-01-01;2022-11-11;"Diaria";"Convencional";"-8.91083333 -36.49333333 2002"
"36";2002;"82897";365;365;100;365;365;100;365;365;100;"TAPACURA";"-8.17";"-35.18";102;"Desativada";1985-01-01;2024-05-31;"Diaria";"Convencional";"-8.17 -35.18 2002"
"37";2002;"82898";365;365;100;365;365;100;365;365;100;"OLINDA";"-8.02";"-34.85";55;"Desativada";1985-01-01;2024-05-31;"Diaria";"Convencional";"-8.02 -34.85 2002"
"38";2002;"82900";0;365;0;0;365;0;0;365;0;"RECIFE (CURADO)";"-8.05916666";"-34.95916666";11,3;"Fechada";1985-01-01;2020-08-31;"Diaria";"Convencional";"-8.05916666 -34.95916666 2002"
"39";2002;"82983";0;365;0;0;365;0;0;365;0;"PETROLINA";"-9.3886111";"-40.52333332";372,54;"Operante";1985-01-01;2024-05-31;"Diaria";"Convencional";"-9.3886111 -40.52333332 2002"
"40";2003;"82753";3;365;0,82;3;365;0,82;3;365;0,82;"OURICURI";"-7.87944443";"-40.09194444";462,01;"Operante";1985-01-01;2024-05-31;"Diaria";"Convencional";"-7.87944443 -40.09194444 2003"
"41";2003;"82781";365;365;100;365;365;100;365;365;100;"NAZARE DA MATA";"-7.73";"-35.25";87;"Desativada";1985-01-01;2024-05-31;"Diaria";"Convencional";"-7.73 -35.25 2003"
"42";2003;"82789";49;365;13,42;46;365;12,6;46;365;12,6;"TRIUNFO";"-7.82972221";"-38.12222221";1105;"Fechada";1985-01-01;2018-03-28;"Diaria";"Convencional";"-7.82972221 -38.12222221 2003"
"43";2003;"82797";5;365;1,37;0;365;0;0;365;0;"SURUBIM";"-7.839628";"-35.801056";421,44;"Operante";1985-01-01;2024-05-31;"Diaria";"Convencional";"-7.839628 -35.801056 2003"
"44";2003;"82799";365;365;100;365;365;100;365;365;100;"GOIANA";"-7.55";"-34.98";11;"Desativada";1985-01-01;2024-05-31;"Diaria";"Convencional";"-7.55 -34.98 2003"
"45";2003;"82886";32;365;8,77;32;365;8,77;32;365;8,77;"CABROBO";"-8.50388888";"-39.31527777";342,78;"Operante";1985-01-01;2024-05-31;"Diaria";"Convencional";"-8.50388888 -39.31527777 2003"
"46";2003;"82890";0;365;0;0;365;0;0;365;0;"ARCO VERDE";"-8.4336111";"-37.05527777";683,91;"Operante";1985-01-01;2024-05-31;"Diaria";"Convencional";"-8.4336111 -37.05527777 2003"
"47";2003;"82892";0;365;0;1;365;0,27;1;365;0,27;"PESQUEIRA";"-8.370701";"-36.707812";643,38;"Desativada";1985-01-01;2015-11-18;"Diaria";"Convencional";"-8.370701 -36.707812 2003"
"48";2003;"82893";1;365;0,27;0;365;0;0;365;0;"GARANHUNS";"-8.91083333";"-36.49333333";827,78;"Fechada";1985-01-01;2022-11-11;"Diaria";"Convencional";"-8.91083333 -36.49333333 2003"
"49";2003;"82897";365;365;100;365;365;100;365;365;100;"TAPACURA";"-8.17";"-35.18";102;"Desativada";1985-01-01;2024-05-31;"Diaria";"Convencional";"-8.17 -35.18 2003"
"50";2003;"82898";365;365;100;365;365;100;365;365;100;"OLINDA";"-8.02";"-34.85";55;"Desativada";1985-01-01;2024-05-31;"Diaria";"Convencional";"-8.02 -34.85 2003"
"51";2003;"82900";0;365;0;1;365;0,27;1;365;0,27;"RECIFE (CURADO)";"-8.05916666";"-34.95916666";11,3;"Fechada";1985-01-01;2020-08-31;"Diaria";"Convencional";"-8.05916666 -34.95916666 2003"
"52";2003;"82983";0;365;0;1;365;0,27;1;365;0,27;"PETROLINA";"-9.3886111";"-40.52333332";372,54;"Operante";1985-01-01;2024-05-31;"Diaria";"Convencional";"-9.3886111 -40.52333332 2003"
"53";2003;"A307";3;315;0,95;2;315;0,63;2;315;0,63;"PETROLINA";"-9.38833333";"-40.52333332";372,72;"Operante";2003-02-20;2024-05-31;"Diaria";"Automatica";"-9.38833333 -40.52333332 2003"
"54";2004;"82753";31;366;8,47;32;366;8,74;32;366;8,74;"OURICURI";"-7.87944443";"-40.09194444";462,01;"Operante";1985-01-01;2024-05-31;"Diaria";"Convencional";"-7.87944443 -40.09194444 2004"
"55";2004;"82781";366;366;100;366;366;100;366;366;100;"NAZARE DA MATA";"-7.73";"-35.25";87;"Desativada";1985-01-01;2024-05-31;"Diaria";"Convencional";"-7.73 -35.25 2004"
"56";2004;"82789";122;366;33,33;121;366;33,06;121;366;33,06;"TRIUNFO";"-7.82972221";"-38.12222221";1105;"Fechada";1985-01-01;2018-03-28;"Diaria";"Convencional";"-7.82972221 -38.12222221 2004"
"57";2004;"82797";0;366;0;0;366;0;0;366;0;"SURUBIM";"-7.839628";"-35.801056";421,44;"Operante";1985-01-01;2024-05-31;"Diaria";"Convencional";"-7.839628 -35.801056 2004"
"58";2004;"82799";366;366;100;366;366;100;366;366;100;"GOIANA";"-7.55";"-34.98";11;"Desativada";1985-01-01;2024-05-31;"Diaria";"Convencional";"-7.55 -34.98 2004"
"59";2004;"82886";30;366;8,2;30;366;8,2;30;366;8,2;"CABROBO";"-8.50388888";"-39.31527777";342,78;"Operante";1985-01-01;2024-05-31;"Diaria";"Convencional";"-8.50388888 -39.31527777 2004"
"60";2004;"82890";0;366;0;0;366;0;0;366;0;"ARCO VERDE";"-8.4336111";"-37.05527777";683,91;"Operante";1985-01-01;2024-05-31;"Diaria";"Convencional";"-8.4336111 -37.05527777 2004"
"61";2004;"82892";3;366;0,82;0;366;0;0;366;0;"PESQUEIRA";"-8.370701";"-36.707812";643,38;"Desativada";1985-01-01;2015-11-18;"Diaria";"Convencional";"-8.370701 -36.707812 2004"
"62";2004;"82893";1;366;0,27;1;366;0,27;1;366;0,27;"GARANHUNS";"-8.91083333";"-36.49333333";827,78;"Fechada";1985-01-01;2022-11-11;"Diaria";"Convencional";"-8.91083333 -36.49333333 2004"
"63";2004;"82897";366;366;100;366;366;100;366;366;100;"TAPACURA";"-8.17";"-35.18";102;"Desativada";1985-01-01;2024-05-31;"Diaria";"Convencional";"-8.17 -35.18 2004"
"64";2004;"82898";366;366;100;366;366;100;366;366;100;"OLINDA";"-8.02";"-34.85";55;"Desativada";1985-01-01;2024-05-31;"Diaria";"Convencional";"-8.02 -34.85 2004"
"65";2004;"82900";0;366;0;1;366;0,27;1;366;0,27;"RECIFE (CURADO)";"-8.05916666";"-34.95916666";11,3;"Fechada";1985-01-01;2020-08-31;"Diaria";"Convencional";"-8.05916666 -34.95916666 2004"
"66";2004;"82983";0;366;0;0;366;0;0;366;0;"PETROLINA";"-9.3886111";"-40.52333332";372,54;"Operante";1985-01-01;2024-05-31;"Diaria";"Convencional";"-9.3886111 -40.52333332 2004"
"67";2004;"A301";11;11;100;2;11;18,18;2;11;18,18;"RECIFE";"-8.05916666";"-34.95916666";11,3;"Desativada";2004-12-21;2021-11-11;"Diaria";"Automatica";"-8.05916666 -34.95916666 2004"
"68";2004;"A307";3;366;0,82;0;366;0;0;366;0;"PETROLINA";"-9.38833333";"-40.52333332";372,72;"Operante";2003-02-20;2024-05-31;"Diaria";"Automatica";"-9.38833333 -40.52333332 2004"
"69";2004;"A309";43;43;100;27;43;62,79;27;43;62,79;"ARCO VERDE";"-8.4336111";"-37.05555555";683,95;"Operante";2004-11-19;2024-05-31;"Diaria";"Automatica";"-8.4336111 -37.05555555 2004"
"70";2005;"82753";30;365;8,22;31;365;8,49;31;365;8,49;"OURICURI";"-7.87944443";"-40.09194444";462,01;"Operante";1985-01-01;2024-05-31;"Diaria";"Convencional";"-7.87944443 -40.09194444 2005"
"71";2005;"82781";365;365;100;365;365;100;365;365;100;"NAZARE DA MATA";"-7.73";"-35.25";87;"Desativada";1985-01-01;2024-05-31;"Diaria";"Convencional";"-7.73 -35.25 2005"
"72";2005;"82789";3;365;0,82;0;365;0;0;365;0;"TRIUNFO";"-7.82972221";"-38.12222221";1105;"Fechada";1985-01-01;2018-03-28;"Diaria";"Convencional";"-7.82972221 -38.12222221 2005"
"73";2005;"82797";0;365;0;0;365;0;0;365;0;"SURUBIM";"-7.839628";"-35.801056";421,44;"Operante";1985-01-01;2024-05-31;"Diaria";"Convencional";"-7.839628 -35.801056 2005"
"74";2005;"82799";365;365;100;365;365;100;365;365;100;"GOIANA";"-7.55";"-34.98";11;"Desativada";1985-01-01;2024-05-31;"Diaria";"Convencional";"-7.55 -34.98 2005"
"75";2005;"82886";40;365;10,96;39;365;10,68;39;365;10,68;"CABROBO";"-8.50388888";"-39.31527777";342,78;"Operante";1985-01-01;2024-05-31;"Diaria";"Convencional";"-8.50388888 -39.31527777 2005"
"76";2005;"82890";33;365;9,04;33;365;9,04;33;365;9,04;"ARCO VERDE";"-8.4336111";"-37.05527777";683,91;"Operante";1985-01-01;2024-05-31;"Diaria";"Convencional";"-8.4336111 -37.05527777 2005"
"77";2005;"82892";0;365;0;1;365;0,27;1;365;0,27;"PESQUEIRA";"-8.370701";"-36.707812";643,38;"Desativada";1985-01-01;2015-11-18;"Diaria";"Convencional";"-8.370701 -36.707812 2005"
"78";2005;"82893";0;365;0;1;365;0,27;1;365;0,27;"GARANHUNS";"-8.91083333";"-36.49333333";827,78;"Fechada";1985-01-01;2022-11-11;"Diaria";"Convencional";"-8.91083333 -36.49333333 2005"
"79";2005;"82897";365;365;100;365;365;100;365;365;100;"TAPACURA";"-8.17";"-35.18";102;"Desativada";1985-01-01;2024-05-31;"Diaria";"Convencional";"-8.17 -35.18 2005"
"80";2005;"82898";365;365;100;365;365;100;365;365;100;"OLINDA";"-8.02";"-34.85";55;"Desativada";1985-01-01;2024-05-31;"Diaria";"Convencional";"-8.02 -34.85 2005"
"81";2005;"82900";0;365;0;7;365;1,92;7;365;1,92;"RECIFE (CURADO)";"-8.05916666";"-34.95916666";11,3;"Fechada";1985-01-01;2020-08-31;"Diaria";"Convencional";"-8.05916666 -34.95916666 2005"
"82";2005;"82983";0;365;0;0;365;0;0;365;0;"PETROLINA";"-9.3886111";"-40.52333332";372,54;"Operante";1985-01-01;2024-05-31;"Diaria";"Convencional";"-9.3886111 -40.52333332 2005"
"83";2005;"A301";8;365;2,19;2;365;0,55;2;365;0,55;"RECIFE";"-8.05916666";"-34.95916666";11,3;"Desativada";2004-12-21;2021-11-11;"Diaria";"Automatica";"-8.05916666 -34.95916666 2005"
"84";2005;"A307";26;365;7,12;11;365;3,01;11;365;3,01;"PETROLINA";"-9.38833333";"-40.52333332";372,72;"Operante";2003-02-20;2024-05-31;"Diaria";"Automatica";"-9.38833333 -40.52333332 2005"
"85";2005;"A309";10;365;2,74;5;365;1,37;5;365;1,37;"ARCO VERDE";"-8.4336111";"-37.05555555";683,95;"Operante";2004-11-19;2024-05-31;"Diaria";"Automatica";"-8.4336111 -37.05555555 2005"
"86";2006;"82753";40;365;10,96;41;365;11,23;41;365;11,23;"OURICURI";"-7.87944443";"-40.09194444";462,01;"Operante";1985-01-01;2024-05-31;"Diaria";"Convencional";"-7.87944443 -40.09194444 2006"
"87";2006;"82781";365;365;100;365;365;100;365;365;100;"NAZARE DA MATA";"-7.73";"-35.25";87;"Desativada";1985-01-01;2024-05-31;"Diaria";"Convencional";"-7.73 -35.25 2006"
"88";2006;"82789";7;365;1,92;7;365;1,92;7;365;1,92;"TRIUNFO";"-7.82972221";"-38.12222221";1105;"Fechada";1985-01-01;2018-03-28;"Diaria";"Convencional";"-7.82972221 -38.12222221 2006"
"89";2006;"82797";0;365;0;0;365;0;0;365;0;"SURUBIM";"-7.839628";"-35.801056";421,44;"Operante";1985-01-01;2024-05-31;"Diaria";"Convencional";"-7.839628 -35.801056 2006"
"90";2006;"82799";365;365;100;365;365;100;365;365;100;"GOIANA";"-7.55";"-34.98";11;"Desativada";1985-01-01;2024-05-31;"Diaria";"Convencional";"-7.55 -34.98 2006"
"91";2006;"82886";30;365;8,22;30;365;8,22;30;365;8,22;"CABROBO";"-8.50388888";"-39.31527777";342,78;"Operante";1985-01-01;2024-05-31;"Diaria";"Convencional";"-8.50388888 -39.31527777 2006"
"92";2006;"82890";36;365;9,86;37;365;10,14;37;365;10,14;"ARCO VERDE";"-8.4336111";"-37.05527777";683,91;"Operante";1985-01-01;2024-05-31;"Diaria";"Convencional";"-8.4336111 -37.05527777 2006"
"93";2006;"82892";1;365;0,27;0;365;0;0;365;0;"PESQUEIRA";"-8.370701";"-36.707812";643,38;"Desativada";1985-01-01;2015-11-18;"Diaria";"Convencional";"-8.370701 -36.707812 2006"
"94";2006;"82893";4;365;1,1;2;365;0,55;2;365;0,55;"GARANHUNS";"-8.91083333";"-36.49333333";827,78;"Fechada";1985-01-01;2022-11-11;"Diaria";"Convencional";"-8.91083333 -36.49333333 2006"
"95";2006;"82897";365;365;100;365;365;100;365;365;100;"TAPACURA";"-8.17";"-35.18";102;"Desativada";1985-01-01;2024-05-31;"Diaria";"Convencional";"-8.17 -35.18 2006"
"96";2006;"82898";365;365;100;365;365;100;365;365;100;"OLINDA";"-8.02";"-34.85";55;"Desativada";1985-01-01;2024-05-31;"Diaria";"Convencional";"-8.02 -34.85 2006"
"97";2006;"82900";0;365;0;0;365;0;0;365;0;"RECIFE (CURADO)";"-8.05916666";"-34.95916666";11,3;"Fechada";1985-01-01;2020-08-31;"Diaria";"Convencional";"-8.05916666 -34.95916666 2006"
"98";2006;"82983";0;365;0;0;365;0;0;365;0;"PETROLINA";"-9.3886111";"-40.52333332";372,54;"Operante";1985-01-01;2024-05-31;"Diaria";"Convencional";"-9.3886111 -40.52333332 2006"
"99";2006;"A301";51;365;13,97;38;365;10,41;38;365;10,41;"RECIFE";"-8.05916666";"-34.95916666";11,3;"Desativada";2004-12-21;2021-11-11;"Diaria";"Automatica";"-8.05916666 -34.95916666 2006"
"100";2006;"A307";85;365;23,29;65;365;17,81;65;365;17,81;"PETROLINA";"-9.38833333";"-40.52333332";372,72;"Operante";2003-02-20;2024-05-31;"Diaria";"Automatica";"-9.38833333 -40.52333332 2006"
"101";2006;"A309";34;365;9,32;22;365;6,03;22;365;6,03;"ARCO VERDE";"-8.4336111";"-37.05555555";683,95;"Operante";2004-11-19;2024-05-31;"Diaria";"Automatica";"-8.4336111 -37.05555555 2006"
"102";2007;"82753";31;365;8,49;184;365;50,41;184;365;50,41;"OURICURI";"-7.87944443";"-40.09194444";462,01;"Operante";1985-01-01;2024-05-31;"Diaria";"Convencional";"-7.87944443 -40.09194444 2007"
"103";2007;"82781";365;365;100;365;365;100;365;365;100;"NAZARE DA MATA";"-7.73";"-35.25";87;"Desativada";1985-01-01;2024-05-31;"Diaria";"Convencional";"-7.73 -35.25 2007"
"104";2007;"82789";2;365;0,55;0;365;0;0;365;0;"TRIUNFO";"-7.82972221";"-38.12222221";1105;"Fechada";1985-01-01;2018-03-28;"Diaria";"Convencional";"-7.82972221 -38.12222221 2007"
"105";2007;"82797";0;365;0;0;365;0;0;365;0;"SURUBIM";"-7.839628";"-35.801056";421,44;"Operante";1985-01-01;2024-05-31;"Diaria";"Convencional";"-7.839628 -35.801056 2007"
"106";2007;"82799";365;365;100;365;365;100;365;365;100;"GOIANA";"-7.55";"-34.98";11;"Desativada";1985-01-01;2024-05-31;"Diaria";"Convencional";"-7.55 -34.98 2007"
"107";2007;"82886";31;365;8,49;30;365;8,22;30;365;8,22;"CABROBO";"-8.50388888";"-39.31527777";342,78;"Operante";1985-01-01;2024-05-31;"Diaria";"Convencional";"-8.50388888 -39.31527777 2007"
"108";2007;"82890";35;365;9,59;35;365;9,59;35;365;9,59;"ARCO VERDE";"-8.4336111";"-37.05527777";683,91;"Operante";1985-01-01;2024-05-31;"Diaria";"Convencional";"-8.4336111 -37.05527777 2007"
"109";2007;"82892";0;365;0;0;365;0;0;365;0;"PESQUEIRA";"-8.370701";"-36.707812";643,38;"Desativada";1985-01-01;2015-11-18;"Diaria";"Convencional";"-8.370701 -36.707812 2007"
"110";2007;"82893";11;365;3,01;6;365;1,64;6;365;1,64;"GARANHUNS";"-8.91083333";"-36.49333333";827,78;"Fechada";1985-01-01;2022-11-11;"Diaria";"Convencional";"-8.91083333 -36.49333333 2007"
"111";2007;"82897";365;365;100;365;365;100;365;365;100;"TAPACURA";"-8.17";"-35.18";102;"Desativada";1985-01-01;2024-05-31;"Diaria";"Convencional";"-8.17 -35.18 2007"
"112";2007;"82898";365;365;100;365;365;100;365;365;100;"OLINDA";"-8.02";"-34.85";55;"Desativada";1985-01-01;2024-05-31;"Diaria";"Convencional";"-8.02 -34.85 2007"
"113";2007;"82900";0;365;0;4;365;1,1;4;365;1,1;"RECIFE (CURADO)";"-8.05916666";"-34.95916666";11,3;"Fechada";1985-01-01;2020-08-31;"Diaria";"Convencional";"-8.05916666 -34.95916666 2007"
"114";2007;"82983";0;365;0;1;365;0,27;1;365;0,27;"PETROLINA";"-9.3886111";"-40.52333332";372,54;"Operante";1985-01-01;2024-05-31;"Diaria";"Convencional";"-9.3886111 -40.52333332 2007"
"115";2007;"A301";11;365;3,01;7;365;1,92;7;365;1,92;"RECIFE";"-8.05916666";"-34.95916666";11,3;"Desativada";2004-12-21;2021-11-11;"Diaria";"Automatica";"-8.05916666 -34.95916666 2007"
"116";2007;"A307";19;365;5,21;4;365;1,1;4;365;1,1;"PETROLINA";"-9.38833333";"-40.52333332";372,72;"Operante";2003-02-20;2024-05-31;"Diaria";"Automatica";"-9.38833333 -40.52333332 2007"
"117";2007;"A309";1;365;0,27;0;365;0;0;365;0;"ARCO VERDE";"-8.4336111";"-37.05555555";683,95;"Operante";2004-11-19;2024-05-31;"Diaria";"Automatica";"-8.4336111 -37.05555555 2007"
"118";2007;"A322";56;178;31,46;50;178;28,09;50;178;28,09;"GARANHUNS";"-8.91083333";"-36.49333333";827,78;"Operante";2007-07-07;2024-05-31;"Diaria";"Automatica";"-8.91083333 -36.49333333 2007"
"119";2007;"A329";8;120;6,67;7;120;5,83;7;120;5,83;"CABROBO";"-8.50388888";"-39.31527777";342,74;"Operante";2007-09-03;2024-05-31;"Diaria";"Automatica";"-8.50388888 -39.31527777 2007"
"120";2007;"A341";42;42;100;37;42;88,1;37;42;88,1;"CARUARU";"-8.36527777";"-36.02833332";852;"Operante";2007-11-20;2024-05-31;"Diaria";"Automatica";"-8.36527777 -36.02833332 2007"
"121";2008;"82753";30;366;8,2;363;366;99,18;363;366;99,18;"OURICURI";"-7.87944443";"-40.09194444";462,01;"Operante";1985-01-01;2024-05-31;"Diaria";"Convencional";"-7.87944443 -40.09194444 2008"
"122";2008;"82781";366;366;100;366;366;100;366;366;100;"NAZARE DA MATA";"-7.73";"-35.25";87;"Desativada";1985-01-01;2024-05-31;"Diaria";"Convencional";"-7.73 -35.25 2008"
"123";2008;"82789";1;366;0,27;0;366;0;0;366;0;"TRIUNFO";"-7.82972221";"-38.12222221";1105;"Fechada";1985-01-01;2018-03-28;"Diaria";"Convencional";"-7.82972221 -38.12222221 2008"
"124";2008;"82797";0;366;0;1;366;0,27;1;366;0,27;"SURUBIM";"-7.839628";"-35.801056";421,44;"Operante";1985-01-01;2024-05-31;"Diaria";"Convencional";"-7.839628 -35.801056 2008"
"125";2008;"82799";366;366;100;366;366;100;366;366;100;"GOIANA";"-7.55";"-34.98";11;"Desativada";1985-01-01;2024-05-31;"Diaria";"Convencional";"-7.55 -34.98 2008"
"126";2008;"82886";34;366;9,29;35;366;9,56;35;366;9,56;"CABROBO";"-8.50388888";"-39.31527777";342,78;"Operante";1985-01-01;2024-05-31;"Diaria";"Convencional";"-8.50388888 -39.31527777 2008"
"127";2008;"82890";38;366;10,38;40;366;10,93;40;366;10,93;"ARCO VERDE";"-8.4336111";"-37.05527777";683,91;"Operante";1985-01-01;2024-05-31;"Diaria";"Convencional";"-8.4336111 -37.05527777 2008"
"128";2008;"82892";98;366;26,78;98;366;26,78;98;366;26,78;"PESQUEIRA";"-8.370701";"-36.707812";643,38;"Desativada";1985-01-01;2015-11-18;"Diaria";"Convencional";"-8.370701 -36.707812 2008"
"129";2008;"82893";7;366;1,91;191;366;52,19;191;366;52,19;"GARANHUNS";"-8.91083333";"-36.49333333";827,78;"Fechada";1985-01-01;2022-11-11;"Diaria";"Convencional";"-8.91083333 -36.49333333 2008"
"130";2008;"82897";366;366;100;366;366;100;366;366;100;"TAPACURA";"-8.17";"-35.18";102;"Desativada";1985-01-01;2024-05-31;"Diaria";"Convencional";"-8.17 -35.18 2008"
"131";2008;"82898";366;366;100;366;366;100;366;366;100;"OLINDA";"-8.02";"-34.85";55;"Desativada";1985-01-01;2024-05-31;"Diaria";"Convencional";"-8.02 -34.85 2008"
"132";2008;"82900";0;366;0;2;366;0,55;2;366;0,55;"RECIFE (CURADO)";"-8.05916666";"-34.95916666";11,3;"Fechada";1985-01-01;2020-08-31;"Diaria";"Convencional";"-8.05916666 -34.95916666 2008"
"133";2008;"82983";0;366;0;67;366;18,31;67;366;18,31;"PETROLINA";"-9.3886111";"-40.52333332";372,54;"Operante";1985-01-01;2024-05-31;"Diaria";"Convencional";"-9.3886111 -40.52333332 2008"
"134";2008;"A301";191;366;52,19;175;366;47,81;175;366;47,81;"RECIFE";"-8.05916666";"-34.95916666";11,3;"Desativada";2004-12-21;2021-11-11;"Diaria";"Automatica";"-8.05916666 -34.95916666 2008"
"135";2008;"A307";95;366;25,96;13;366;3,55;13;366;3,55;"PETROLINA";"-9.38833333";"-40.52333332";372,72;"Operante";2003-02-20;2024-05-31;"Diaria";"Automatica";"-9.38833333 -40.52333332 2008"
"136";2008;"A309";0;366;0;0;366;0;0;366;0;"ARCO VERDE";"-8.4336111";"-37.05555555";683,95;"Operante";2004-11-19;2024-05-31;"Diaria";"Automatica";"-8.4336111 -37.05555555 2008"
"137";2008;"A322";1;366;0,27;0;366;0;0;366;0;"GARANHUNS";"-8.91083333";"-36.49333333";827,78;"Operante";2007-07-07;2024-05-31;"Diaria";"Automatica";"-8.91083333 -36.49333333 2008"
"138";2008;"A328";3;299;1;2;299;0,67;2;299;0,67;"SURUBIM";"-7.83972221";"-35.80111111";421,44;"Operante";2008-03-08;2024-05-31;"Diaria";"Automatica";"-7.83972221 -35.80111111 2008"
"139";2008;"A329";1;366;0,27;0;366;0;0;366;0;"CABROBO";"-8.50388888";"-39.31527777";342,74;"Operante";2007-09-03;2024-05-31;"Diaria";"Automatica";"-8.50388888 -39.31527777 2008"
"140";2008;"A341";52;366;14,21;25;366;6,83;25;366;6,83;"CARUARU";"-8.36527777";"-36.02833332";852;"Operante";2007-11-20;2024-05-31;"Diaria";"Automatica";"-8.36527777 -36.02833332 2008"
"141";2008;"A349";3;80;3,75;3;80;3,75;3;80;3,75;"IBIMIRIM";"-8.50944444";"-37.71166666";434,23;"Pane";2008-10-13;2024-05-31;"Diaria";"Automatica";"-8.50944444 -37.71166666 2008"
"142";2008;"A350";128;177;72,32;69;177;38,98;69;177;38,98;"SERRA TALHADA";"-7.95416666";"-38.29499999";499,02;"Operante";2008-07-08;2024-05-31;"Diaria";"Automatica";"-7.95416666 -38.29499999 2008"
"143";2008;"A351";5;109;4,59;5;109;4,59;5;109;4,59;"FLORESTA";"-8.59888888";"-38.58416666";327,42;"Operante";2008-09-14;2024-05-31;"Diaria";"Automatica";"-8.59888888 -38.58416666 2008"
"144";2008;"A357";21;120;17,5;21;120;17,5;21;120;17,5;"PALMARES";"-8.66666666";"-35.56805554";164,01;"Operante";2008-09-03;2024-05-31;"Diaria";"Automatica";"-8.66666666 -35.56805554 2008"
"145";2009;"82753";0;365;0;180;365;49,32;180;365;49,32;"OURICURI";"-7.87944443";"-40.09194444";462,01;"Operante";1985-01-01;2024-05-31;"Diaria";"Convencional";"-7.87944443 -40.09194444 2009"
"146";2009;"82781";365;365;100;365;365;100;365;365;100;"NAZARE DA MATA";"-7.73";"-35.25";87;"Desativada";1985-01-01;2024-05-31;"Diaria";"Convencional";"-7.73 -35.25 2009"
"147";2009;"82789";1;365;0,27;0;365;0;0;365;0;"TRIUNFO";"-7.82972221";"-38.12222221";1105;"Fechada";1985-01-01;2018-03-28;"Diaria";"Convencional";"-7.82972221 -38.12222221 2009"
"148";2009;"82797";0;365;0;0;365;0;0;365;0;"SURUBIM";"-7.839628";"-35.801056";421,44;"Operante";1985-01-01;2024-05-31;"Diaria";"Convencional";"-7.839628 -35.801056 2009"
"149";2009;"82799";365;365;100;365;365;100;365;365;100;"GOIANA";"-7.55";"-34.98";11;"Desativada";1985-01-01;2024-05-31;"Diaria";"Convencional";"-7.55 -34.98 2009"
"150";2009;"82886";30;365;8,22;29;365;7,95;29;365;7,95;"CABROBO";"-8.50388888";"-39.31527777";342,78;"Operante";1985-01-01;2024-05-31;"Diaria";"Convencional";"-8.50388888 -39.31527777 2009"
"151";2009;"82890";103;365;28,22;103;365;28,22;103;365;28,22;"ARCO VERDE";"-8.4336111";"-37.05527777";683,91;"Operante";1985-01-01;2024-05-31;"Diaria";"Convencional";"-8.4336111 -37.05527777 2009"
"152";2009;"82892";0;365;0;0;365;0;0;365;0;"PESQUEIRA";"-8.370701";"-36.707812";643,38;"Desativada";1985-01-01;2015-11-18;"Diaria";"Convencional";"-8.370701 -36.707812 2009"
"153";2009;"82893";16;365;4,38;212;365;58,08;212;365;58,08;"GARANHUNS";"-8.91083333";"-36.49333333";827,78;"Fechada";1985-01-01;2022-11-11;"Diaria";"Convencional";"-8.91083333 -36.49333333 2009"
"154";2009;"82897";365;365;100;365;365;100;365;365;100;"TAPACURA";"-8.17";"-35.18";102;"Desativada";1985-01-01;2024-05-31;"Diaria";"Convencional";"-8.17 -35.18 2009"
"155";2009;"82898";365;365;100;365;365;100;365;365;100;"OLINDA";"-8.02";"-34.85";55;"Desativada";1985-01-01;2024-05-31;"Diaria";"Convencional";"-8.02 -34.85 2009"
"156";2009;"82900";0;365;0;2;365;0,55;2;365;0,55;"RECIFE (CURADO)";"-8.05916666";"-34.95916666";11,3;"Fechada";1985-01-01;2020-08-31;"Diaria";"Convencional";"-8.05916666 -34.95916666 2009"
"157";2009;"82983";0;365;0;0;365;0;0;365;0;"PETROLINA";"-9.3886111";"-40.52333332";372,54;"Operante";1985-01-01;2024-05-31;"Diaria";"Convencional";"-9.3886111 -40.52333332 2009"
"158";2009;"A301";177;365;48,49;166;365;45,48;166;365;45,48;"RECIFE";"-8.05916666";"-34.95916666";11,3;"Desativada";2004-12-21;2021-11-11;"Diaria";"Automatica";"-8.05916666 -34.95916666 2009"
"159";2009;"A307";9;365;2,47;4;365;1,1;4;365;1,1;"PETROLINA";"-9.38833333";"-40.52333332";372,72;"Operante";2003-02-20;2024-05-31;"Diaria";"Automatica";"-9.38833333 -40.52333332 2009"
"160";2009;"A309";36;365;9,86;34;365;9,32;34;365;9,32;"ARCO VERDE";"-8.4336111";"-37.05555555";683,95;"Operante";2004-11-19;2024-05-31;"Diaria";"Automatica";"-8.4336111 -37.05555555 2009"
"161";2009;"A322";3;365;0,82;1;365;0,27;1;365;0,27;"GARANHUNS";"-8.91083333";"-36.49333333";827,78;"Operante";2007-07-07;2024-05-31;"Diaria";"Automatica";"-8.91083333 -36.49333333 2009"
"162";2009;"A328";2;365;0,55;1;365;0,27;1;365;0,27;"SURUBIM";"-7.83972221";"-35.80111111";421,44;"Operante";2008-03-08;2024-05-31;"Diaria";"Automatica";"-7.83972221 -35.80111111 2009"
"163";2009;"A329";2;365;0,55;1;365;0,27;1;365;0,27;"CABROBO";"-8.50388888";"-39.31527777";342,74;"Operante";2007-09-03;2024-05-31;"Diaria";"Automatica";"-8.50388888 -39.31527777 2009"
"164";2009;"A341";2;365;0,55;2;365;0,55;2;365;0,55;"CARUARU";"-8.36527777";"-36.02833332";852;"Operante";2007-11-20;2024-05-31;"Diaria";"Automatica";"-8.36527777 -36.02833332 2009"
"165";2009;"A349";2;365;0,55;1;365;0,27;1;365;0,27;"IBIMIRIM";"-8.50944444";"-37.71166666";434,23;"Pane";2008-10-13;2024-05-31;"Diaria";"Automatica";"-8.50944444 -37.71166666 2009"
"166";2009;"A350";37;365;10,14;3;365;0,82;3;365;0,82;"SERRA TALHADA";"-7.95416666";"-38.29499999";499,02;"Operante";2008-07-08;2024-05-31;"Diaria";"Automatica";"-7.95416666 -38.29499999 2009"
"167";2009;"A351";3;365;0,82;1;365;0,27;1;365;0,27;"FLORESTA";"-8.59888888";"-38.58416666";327,42;"Operante";2008-09-14;2024-05-31;"Diaria";"Automatica";"-8.59888888 -38.58416666 2009"
"168";2009;"A357";2;365;0,55;1;365;0,27;1;365;0,27;"PALMARES";"-8.66666666";"-35.56805554";164,01;"Operante";2008-09-03;2024-05-31;"Diaria";"Automatica";"-8.66666666 -35.56805554 2009"
"169";2010;"82753";0;365;0;0;365;0;0;365;0;"OURICURI";"-7.87944443";"-40.09194444";462,01;"Operante";1985-01-01;2024-05-31;"Diaria";"Convencional";"-7.87944443 -40.09194444 2010"
"170";2010;"82781";365;365;100;365;365;100;365;365;100;"NAZARE DA MATA";"-7.73";"-35.25";87;"Desativada";1985-01-01;2024-05-31;"Diaria";"Convencional";"-7.73 -35.25 2010"
"171";2010;"82789";0;365;0;0;365;0;0;365;0;"TRIUNFO";"-7.82972221";"-38.12222221";1105;"Fechada";1985-01-01;2018-03-28;"Diaria";"Convencional";"-7.82972221 -38.12222221 2010"
"172";2010;"82797";0;365;0;1;365;0,27;1;365;0,27;"SURUBIM";"-7.839628";"-35.801056";421,44;"Operante";1985-01-01;2024-05-31;"Diaria";"Convencional";"-7.839628 -35.801056 2010"
"173";2010;"82799";365;365;100;365;365;100;365;365;100;"GOIANA";"-7.55";"-34.98";11;"Desativada";1985-01-01;2024-05-31;"Diaria";"Convencional";"-7.55 -34.98 2010"
"174";2010;"82886";172;365;47,12;172;365;47,12;172;365;47,12;"CABROBO";"-8.50388888";"-39.31527777";342,78;"Operante";1985-01-01;2024-05-31;"Diaria";"Convencional";"-8.50388888 -39.31527777 2010"
"175";2010;"82890";30;365;8,22;30;365;8,22;30;365;8,22;"ARCO VERDE";"-8.4336111";"-37.05527777";683,91;"Operante";1985-01-01;2024-05-31;"Diaria";"Convencional";"-8.4336111 -37.05527777 2010"
"176";2010;"82892";20;365;5,48;20;365;5,48;20;365;5,48;"PESQUEIRA";"-8.370701";"-36.707812";643,38;"Desativada";1985-01-01;2015-11-18;"Diaria";"Convencional";"-8.370701 -36.707812 2010"
"177";2010;"82893";3;365;0,82;354;365;96,99;354;365;96,99;"GARANHUNS";"-8.91083333";"-36.49333333";827,78;"Fechada";1985-01-01;2022-11-11;"Diaria";"Convencional";"-8.91083333 -36.49333333 2010"
"178";2010;"82897";365;365;100;365;365;100;365;365;100;"TAPACURA";"-8.17";"-35.18";102;"Desativada";1985-01-01;2024-05-31;"Diaria";"Convencional";"-8.17 -35.18 2010"
"179";2010;"82898";365;365;100;365;365;100;365;365;100;"OLINDA";"-8.02";"-34.85";55;"Desativada";1985-01-01;2024-05-31;"Diaria";"Convencional";"-8.02 -34.85 2010"
"180";2010;"82900";0;365;0;5;365;1,37;5;365;1,37;"RECIFE (CURADO)";"-8.05916666";"-34.95916666";11,3;"Fechada";1985-01-01;2020-08-31;"Diaria";"Convencional";"-8.05916666 -34.95916666 2010"
"181";2010;"82983";0;365;0;1;365;0,27;1;365;0,27;"PETROLINA";"-9.3886111";"-40.52333332";372,54;"Operante";1985-01-01;2024-05-31;"Diaria";"Convencional";"-9.3886111 -40.52333332 2010"
"182";2010;"A301";6;365;1,64;2;365;0,55;2;365;0,55;"RECIFE";"-8.05916666";"-34.95916666";11,3;"Desativada";2004-12-21;2021-11-11;"Diaria";"Automatica";"-8.05916666 -34.95916666 2010"
"183";2010;"A307";128;365;35,07;127;365;34,79;127;365;34,79;"PETROLINA";"-9.38833333";"-40.52333332";372,72;"Operante";2003-02-20;2024-05-31;"Diaria";"Automatica";"-9.38833333 -40.52333332 2010"
"184";2010;"A309";98;365;26,85;84;365;23,01;84;365;23,01;"ARCO VERDE";"-8.4336111";"-37.05555555";683,95;"Operante";2004-11-19;2024-05-31;"Diaria";"Automatica";"-8.4336111 -37.05555555 2010"
"185";2010;"A322";1;365;0,27;0;365;0;0;365;0;"GARANHUNS";"-8.91083333";"-36.49333333";827,78;"Operante";2007-07-07;2024-05-31;"Diaria";"Automatica";"-8.91083333 -36.49333333 2010"
"186";2010;"A328";0;365;0;0;365;0;0;365;0;"SURUBIM";"-7.83972221";"-35.80111111";421,44;"Operante";2008-03-08;2024-05-31;"Diaria";"Automatica";"-7.83972221 -35.80111111 2010"
"187";2010;"A329";1;365;0,27;0;365;0;0;365;0;"CABROBO";"-8.50388888";"-39.31527777";342,74;"Operante";2007-09-03;2024-05-31;"Diaria";"Automatica";"-8.50388888 -39.31527777 2010"
"188";2010;"A341";2;365;0,55;0;365;0;0;365;0;"CARUARU";"-8.36527777";"-36.02833332";852;"Operante";2007-11-20;2024-05-31;"Diaria";"Automatica";"-8.36527777 -36.02833332 2010"
"189";2010;"A349";1;365;0,27;0;365;0;0;365;0;"IBIMIRIM";"-8.50944444";"-37.71166666";434,23;"Pane";2008-10-13;2024-05-31;"Diaria";"Automatica";"-8.50944444 -37.71166666 2010"
"190";2010;"A350";75;365;20,55;46;365;12,6;46;365;12,6;"SERRA TALHADA";"-7.95416666";"-38.29499999";499,02;"Operante";2008-07-08;2024-05-31;"Diaria";"Automatica";"-7.95416666 -38.29499999 2010"
"191";2010;"A351";126;365;34,52;124;365;33,97;124;365;33,97;"FLORESTA";"-8.59888888";"-38.58416666";327,42;"Operante";2008-09-14;2024-05-31;"Diaria";"Automatica";"-8.59888888 -38.58416666 2010"
"192";2010;"A357";1;365;0,27;0;365;0;0;365;0;"PALMARES";"-8.66666666";"-35.56805554";164,01;"Operante";2008-09-03;2024-05-31;"Diaria";"Automatica";"-8.66666666 -35.56805554 2010"
"193";2010;"A366";7;144;4,86;7;144;4,86;7;144;4,86;"OURICURI";"-7.88583333";"-40.10277777";457,85;"Operante";2010-08-10;2024-05-31;"Diaria";"Automatica";"-7.88583333 -40.10277777 2010"
"194";2011;"82753";0;365;0;0;365;0;0;365;0;"OURICURI";"-7.87944443";"-40.09194444";462,01;"Operante";1985-01-01;2024-05-31;"Diaria";"Convencional";"-7.87944443 -40.09194444 2011"
"195";2011;"82781";365;365;100;365;365;100;365;365;100;"NAZARE DA MATA";"-7.73";"-35.25";87;"Desativada";1985-01-01;2024-05-31;"Diaria";"Convencional";"-7.73 -35.25 2011"
"196";2011;"82789";0;365;0;0;365;0;0;365;0;"TRIUNFO";"-7.82972221";"-38.12222221";1105;"Fechada";1985-01-01;2018-03-28;"Diaria";"Convencional";"-7.82972221 -38.12222221 2011"
"197";2011;"82797";1;365;0,27;0;365;0;0;365;0;"SURUBIM";"-7.839628";"-35.801056";421,44;"Operante";1985-01-01;2024-05-31;"Diaria";"Convencional";"-7.839628 -35.801056 2011"
"198";2011;"82799";365;365;100;365;365;100;365;365;100;"GOIANA";"-7.55";"-34.98";11;"Desativada";1985-01-01;2024-05-31;"Diaria";"Convencional";"-7.55 -34.98 2011"
"199";2011;"82886";0;365;0;0;365;0;0;365;0;"CABROBO";"-8.50388888";"-39.31527777";342,78;"Operante";1985-01-01;2024-05-31;"Diaria";"Convencional";"-8.50388888 -39.31527777 2011"
"200";2011;"82890";30;365;8,22;30;365;8,22;30;365;8,22;"ARCO VERDE";"-8.4336111";"-37.05527777";683,91;"Operante";1985-01-01;2024-05-31;"Diaria";"Convencional";"-8.4336111 -37.05527777 2011"
"201";2011;"82892";20;365;5,48;20;365;5,48;20;365;5,48;"PESQUEIRA";"-8.370701";"-36.707812";643,38;"Desativada";1985-01-01;2015-11-18;"Diaria";"Convencional";"-8.370701 -36.707812 2011"
"202";2011;"82893";20;365;5,48;365;365;100;365;365;100;"GARANHUNS";"-8.91083333";"-36.49333333";827,78;"Fechada";1985-01-01;2022-11-11;"Diaria";"Convencional";"-8.91083333 -36.49333333 2011"
"203";2011;"82897";365;365;100;365;365;100;365;365;100;"TAPACURA";"-8.17";"-35.18";102;"Desativada";1985-01-01;2024-05-31;"Diaria";"Convencional";"-8.17 -35.18 2011"
"204";2011;"82898";365;365;100;365;365;100;365;365;100;"OLINDA";"-8.02";"-34.85";55;"Desativada";1985-01-01;2024-05-31;"Diaria";"Convencional";"-8.02 -34.85 2011"
"205";2011;"82900";0;365;0;0;365;0;0;365;0;"RECIFE (CURADO)";"-8.05916666";"-34.95916666";11,3;"Fechada";1985-01-01;2020-08-31;"Diaria";"Convencional";"-8.05916666 -34.95916666 2011"
"206";2011;"82983";1;365;0,27;0;365;0;0;365;0;"PETROLINA";"-9.3886111";"-40.52333332";372,54;"Operante";1985-01-01;2024-05-31;"Diaria";"Convencional";"-9.3886111 -40.52333332 2011"
"207";2011;"A301";13;365;3,56;0;365;0;0;365;0;"RECIFE";"-8.05916666";"-34.95916666";11,3;"Desativada";2004-12-21;2021-11-11;"Diaria";"Automatica";"-8.05916666 -34.95916666 2011"
"208";2011;"A307";3;365;0,82;1;365;0,27;1;365;0,27;"PETROLINA";"-9.38833333";"-40.52333332";372,72;"Operante";2003-02-20;2024-05-31;"Diaria";"Automatica";"-9.38833333 -40.52333332 2011"
"209";2011;"A309";37;365;10,14;17;365;4,66;17;365;4,66;"ARCO VERDE";"-8.4336111";"-37.05555555";683,95;"Operante";2004-11-19;2024-05-31;"Diaria";"Automatica";"-8.4336111 -37.05555555 2011"
"210";2011;"A322";50;365;13,7;2;365;0,55;2;365;0,55;"GARANHUNS";"-8.91083333";"-36.49333333";827,78;"Operante";2007-07-07;2024-05-31;"Diaria";"Automatica";"-8.91083333 -36.49333333 2011"
"211";2011;"A328";2;365;0,55;1;365;0,27;1;365;0,27;"SURUBIM";"-7.83972221";"-35.80111111";421,44;"Operante";2008-03-08;2024-05-31;"Diaria";"Automatica";"-7.83972221 -35.80111111 2011"
"212";2011;"A329";2;365;0,55;0;365;0;0;365;0;"CABROBO";"-8.50388888";"-39.31527777";342,74;"Operante";2007-09-03;2024-05-31;"Diaria";"Automatica";"-8.50388888 -39.31527777 2011"
"213";2011;"A341";80;365;21,92;71;365;19,45;71;365;19,45;"CARUARU";"-8.36527777";"-36.02833332";852;"Operante";2007-11-20;2024-05-31;"Diaria";"Automatica";"-8.36527777 -36.02833332 2011"
"214";2011;"A349";2;365;0,55;0;365;0;0;365;0;"IBIMIRIM";"-8.50944444";"-37.71166666";434,23;"Pane";2008-10-13;2024-05-31;"Diaria";"Automatica";"-8.50944444 -37.71166666 2011"
"215";2011;"A350";85;365;23,29;63;365;17,26;63;365;17,26;"SERRA TALHADA";"-7.95416666";"-38.29499999";499,02;"Operante";2008-07-08;2024-05-31;"Diaria";"Automatica";"-7.95416666 -38.29499999 2011"
"216";2011;"A351";13;365;3,56;2;365;0,55;2;365;0,55;"FLORESTA";"-8.59888888";"-38.58416666";327,42;"Operante";2008-09-14;2024-05-31;"Diaria";"Automatica";"-8.59888888 -38.58416666 2011"
"217";2011;"A357";2;365;0,55;0;365;0;0;365;0;"PALMARES";"-8.66666666";"-35.56805554";164,01;"Operante";2008-09-03;2024-05-31;"Diaria";"Automatica";"-8.66666666 -35.56805554 2011"
"218";2011;"A366";2;365;0,55;0;365;0;0;365;0;"OURICURI";"-7.88583333";"-40.10277777";457,85;"Operante";2010-08-10;2024-05-31;"Diaria";"Automatica";"-7.88583333 -40.10277777 2011"
"219";2012;"82753";0;366;0;0;366;0;0;366;0;"OURICURI";"-7.87944443";"-40.09194444";462,01;"Operante";1985-01-01;2024-05-31;"Diaria";"Convencional";"-7.87944443 -40.09194444 2012"
"220";2012;"82781";366;366;100;366;366;100;366;366;100;"NAZARE DA MATA";"-7.73";"-35.25";87;"Desativada";1985-01-01;2024-05-31;"Diaria";"Convencional";"-7.73 -35.25 2012"
"221";2012;"82789";0;366;0;0;366;0;0;366;0;"TRIUNFO";"-7.82972221";"-38.12222221";1105;"Fechada";1985-01-01;2018-03-28;"Diaria";"Convencional";"-7.82972221 -38.12222221 2012"
"222";2012;"82797";1;366;0,27;0;366;0;0;366;0;"SURUBIM";"-7.839628";"-35.801056";421,44;"Operante";1985-01-01;2024-05-31;"Diaria";"Convencional";"-7.839628 -35.801056 2012"
"223";2012;"82799";366;366;100;366;366;100;366;366;100;"GOIANA";"-7.55";"-34.98";11;"Desativada";1985-01-01;2024-05-31;"Diaria";"Convencional";"-7.55 -34.98 2012"
"224";2012;"82886";0;366;0;0;366;0;0;366;0;"CABROBO";"-8.50388888";"-39.31527777";342,78;"Operante";1985-01-01;2024-05-31;"Diaria";"Convencional";"-8.50388888 -39.31527777 2012"
"225";2012;"82890";0;366;0;0;366;0;0;366;0;"ARCO VERDE";"-8.4336111";"-37.05527777";683,91;"Operante";1985-01-01;2024-05-31;"Diaria";"Convencional";"-8.4336111 -37.05527777 2012"
"226";2012;"82892";20;366;5,46;20;366;5,46;20;366;5,46;"PESQUEIRA";"-8.370701";"-36.707812";643,38;"Desativada";1985-01-01;2015-11-18;"Diaria";"Convencional";"-8.370701 -36.707812 2012"
"227";2012;"82893";33;366;9,02;363;366;99,18;363;366;99,18;"GARANHUNS";"-8.91083333";"-36.49333333";827,78;"Fechada";1985-01-01;2022-11-11;"Diaria";"Convencional";"-8.91083333 -36.49333333 2012"
"228";2012;"82897";366;366;100;366;366;100;366;366;100;"TAPACURA";"-8.17";"-35.18";102;"Desativada";1985-01-01;2024-05-31;"Diaria";"Convencional";"-8.17 -35.18 2012"
"229";2012;"82898";366;366;100;366;366;100;366;366;100;"OLINDA";"-8.02";"-34.85";55;"Desativada";1985-01-01;2024-05-31;"Diaria";"Convencional";"-8.02 -34.85 2012"
"230";2012;"82900";3;366;0,82;3;366;0,82;3;366;0,82;"RECIFE (CURADO)";"-8.05916666";"-34.95916666";11,3;"Fechada";1985-01-01;2020-08-31;"Diaria";"Convencional";"-8.05916666 -34.95916666 2012"
"231";2012;"82983";0;366;0;2;366;0,55;2;366;0,55;"PETROLINA";"-9.3886111";"-40.52333332";372,54;"Operante";1985-01-01;2024-05-31;"Diaria";"Convencional";"-9.3886111 -40.52333332 2012"
"232";2012;"A301";6;366;1,64;4;366;1,09;4;366;1,09;"RECIFE";"-8.05916666";"-34.95916666";11,3;"Desativada";2004-12-21;2021-11-11;"Diaria";"Automatica";"-8.05916666 -34.95916666 2012"
"233";2012;"A307";1;366;0,27;0;366;0;0;366;0;"PETROLINA";"-9.38833333";"-40.52333332";372,72;"Operante";2003-02-20;2024-05-31;"Diaria";"Automatica";"-9.38833333 -40.52333332 2012"
"234";2012;"A309";2;366;0,55;0;366;0;0;366;0;"ARCO VERDE";"-8.4336111";"-37.05555555";683,95;"Operante";2004-11-19;2024-05-31;"Diaria";"Automatica";"-8.4336111 -37.05555555 2012"
"235";2012;"A322";1;366;0,27;0;366;0;0;366;0;"GARANHUNS";"-8.91083333";"-36.49333333";827,78;"Operante";2007-07-07;2024-05-31;"Diaria";"Automatica";"-8.91083333 -36.49333333 2012"
"236";2012;"A328";63;366;17,21;0;366;0;0;366;0;"SURUBIM";"-7.83972221";"-35.80111111";421,44;"Operante";2008-03-08;2024-05-31;"Diaria";"Automatica";"-7.83972221 -35.80111111 2012"
"237";2012;"A329";1;366;0,27;0;366;0;0;366;0;"CABROBO";"-8.50388888";"-39.31527777";342,74;"Operante";2007-09-03;2024-05-31;"Diaria";"Automatica";"-8.50388888 -39.31527777 2012"
"238";2012;"A341";1;366;0,27;0;366;0;0;366;0;"CARUARU";"-8.36527777";"-36.02833332";852;"Operante";2007-11-20;2024-05-31;"Diaria";"Automatica";"-8.36527777 -36.02833332 2012"
"239";2012;"A349";7;366;1,91;5;366;1,37;5;366;1,37;"IBIMIRIM";"-8.50944444";"-37.71166666";434,23;"Pane";2008-10-13;2024-05-31;"Diaria";"Automatica";"-8.50944444 -37.71166666 2012"
"240";2012;"A350";1;366;0,27;0;366;0;0;366;0;"SERRA TALHADA";"-7.95416666";"-38.29499999";499,02;"Operante";2008-07-08;2024-05-31;"Diaria";"Automatica";"-7.95416666 -38.29499999 2012"
"241";2012;"A351";35;366;9,56;7;366;1,91;7;366;1,91;"FLORESTA";"-8.59888888";"-38.58416666";327,42;"Operante";2008-09-14;2024-05-31;"Diaria";"Automatica";"-8.59888888 -38.58416666 2012"
"242";2012;"A357";1;366;0,27;0;366;0;0;366;0;"PALMARES";"-8.66666666";"-35.56805554";164,01;"Operante";2008-09-03;2024-05-31;"Diaria";"Automatica";"-8.66666666 -35.56805554 2012"
"243";2012;"A366";1;366;0,27;0;366;0;0;366;0;"OURICURI";"-7.88583333";"-40.10277777";457,85;"Operante";2010-08-10;2024-05-31;"Diaria";"Automatica";"-7.88583333 -40.10277777 2012"
"244";2013;"82753";0;365;0;0;365;0;0;365;0;"OURICURI";"-7.87944443";"-40.09194444";462,01;"Operante";1985-01-01;2024-05-31;"Diaria";"Convencional";"-7.87944443 -40.09194444 2013"
"245";2013;"82781";365;365;100;365;365;100;365;365;100;"NAZARE DA MATA";"-7.73";"-35.25";87;"Desativada";1985-01-01;2024-05-31;"Diaria";"Convencional";"-7.73 -35.25 2013"
"246";2013;"82789";0;365;0;0;365;0;0;365;0;"TRIUNFO";"-7.82972221";"-38.12222221";1105;"Fechada";1985-01-01;2018-03-28;"Diaria";"Convencional";"-7.82972221 -38.12222221 2013"
"247";2013;"82797";0;365;0;0;365;0;0;365;0;"SURUBIM";"-7.839628";"-35.801056";421,44;"Operante";1985-01-01;2024-05-31;"Diaria";"Convencional";"-7.839628 -35.801056 2013"
"248";2013;"82799";365;365;100;365;365;100;365;365;100;"GOIANA";"-7.55";"-34.98";11;"Desativada";1985-01-01;2024-05-31;"Diaria";"Convencional";"-7.55 -34.98 2013"
"249";2013;"82886";2;365;0,55;0;365;0;0;365;0;"CABROBO";"-8.50388888";"-39.31527777";342,78;"Operante";1985-01-01;2024-05-31;"Diaria";"Convencional";"-8.50388888 -39.31527777 2013"
"250";2013;"82890";0;365;0;0;365;0;0;365;0;"ARCO VERDE";"-8.4336111";"-37.05527777";683,91;"Operante";1985-01-01;2024-05-31;"Diaria";"Convencional";"-8.4336111 -37.05527777 2013"
"251";2013;"82892";20;365;5,48;20;365;5,48;20;365;5,48;"PESQUEIRA";"-8.370701";"-36.707812";643,38;"Desativada";1985-01-01;2015-11-18;"Diaria";"Convencional";"-8.370701 -36.707812 2013"
"252";2013;"82893";6;365;1,64;364;365;99,73;364;365;99,73;"GARANHUNS";"-8.91083333";"-36.49333333";827,78;"Fechada";1985-01-01;2022-11-11;"Diaria";"Convencional";"-8.91083333 -36.49333333 2013"
"253";2013;"82897";365;365;100;365;365;100;365;365;100;"TAPACURA";"-8.17";"-35.18";102;"Desativada";1985-01-01;2024-05-31;"Diaria";"Convencional";"-8.17 -35.18 2013"
"254";2013;"82898";365;365;100;365;365;100;365;365;100;"OLINDA";"-8.02";"-34.85";55;"Desativada";1985-01-01;2024-05-31;"Diaria";"Convencional";"-8.02 -34.85 2013"
"255";2013;"82900";0;365;0;1;365;0,27;1;365;0,27;"RECIFE (CURADO)";"-8.05916666";"-34.95916666";11,3;"Fechada";1985-01-01;2020-08-31;"Diaria";"Convencional";"-8.05916666 -34.95916666 2013"
"256";2013;"82983";0;365;0;0;365;0;0;365;0;"PETROLINA";"-9.3886111";"-40.52333332";372,54;"Operante";1985-01-01;2024-05-31;"Diaria";"Convencional";"-9.3886111 -40.52333332 2013"
"257";2013;"A301";1;365;0,27;1;365;0,27;1;365;0,27;"RECIFE";"-8.05916666";"-34.95916666";11,3;"Desativada";2004-12-21;2021-11-11;"Diaria";"Automatica";"-8.05916666 -34.95916666 2013"
"258";2013;"A307";32;365;8,77;1;365;0,27;1;365;0,27;"PETROLINA";"-9.38833333";"-40.52333332";372,72;"Operante";2003-02-20;2024-05-31;"Diaria";"Automatica";"-9.38833333 -40.52333332 2013"
"259";2013;"A309";149;365;40,82;15;365;4,11;15;365;4,11;"ARCO VERDE";"-8.4336111";"-37.05555555";683,95;"Operante";2004-11-19;2024-05-31;"Diaria";"Automatica";"-8.4336111 -37.05555555 2013"
"260";2013;"A322";9;365;2,47;8;365;2,19;8;365;2,19;"GARANHUNS";"-8.91083333";"-36.49333333";827,78;"Operante";2007-07-07;2024-05-31;"Diaria";"Automatica";"-8.91083333 -36.49333333 2013"
"261";2013;"A328";41;365;11,23;37;365;10,14;37;365;10,14;"SURUBIM";"-7.83972221";"-35.80111111";421,44;"Operante";2008-03-08;2024-05-31;"Diaria";"Automatica";"-7.83972221 -35.80111111 2013"
"262";2013;"A329";27;365;7,4;22;365;6,03;22;365;6,03;"CABROBO";"-8.50388888";"-39.31527777";342,74;"Operante";2007-09-03;2024-05-31;"Diaria";"Automatica";"-8.50388888 -39.31527777 2013"
"263";2013;"A341";17;365;4,66;16;365;4,38;16;365;4,38;"CARUARU";"-8.36527777";"-36.02833332";852;"Operante";2007-11-20;2024-05-31;"Diaria";"Automatica";"-8.36527777 -36.02833332 2013"
"264";2013;"A349";1;365;0,27;1;365;0,27;1;365;0,27;"IBIMIRIM";"-8.50944444";"-37.71166666";434,23;"Pane";2008-10-13;2024-05-31;"Diaria";"Automatica";"-8.50944444 -37.71166666 2013"
"265";2013;"A350";1;365;0,27;1;365;0,27;1;365;0,27;"SERRA TALHADA";"-7.95416666";"-38.29499999";499,02;"Operante";2008-07-08;2024-05-31;"Diaria";"Automatica";"-7.95416666 -38.29499999 2013"
"266";2013;"A351";3;365;0,82;1;365;0,27;1;365;0,27;"FLORESTA";"-8.59888888";"-38.58416666";327,42;"Operante";2008-09-14;2024-05-31;"Diaria";"Automatica";"-8.59888888 -38.58416666 2013"
"267";2013;"A357";1;365;0,27;1;365;0,27;1;365;0,27;"PALMARES";"-8.66666666";"-35.56805554";164,01;"Operante";2008-09-03;2024-05-31;"Diaria";"Automatica";"-8.66666666 -35.56805554 2013"
"268";2013;"A366";64;365;17,53;50;365;13,7;50;365;13,7;"OURICURI";"-7.88583333";"-40.10277777";457,85;"Operante";2010-08-10;2024-05-31;"Diaria";"Automatica";"-7.88583333 -40.10277777 2013"
"269";2014;"82753";0;365;0;0;365;0;0;365;0;"OURICURI";"-7.87944443";"-40.09194444";462,01;"Operante";1985-01-01;2024-05-31;"Diaria";"Convencional";"-7.87944443 -40.09194444 2014"
"270";2014;"82781";365;365;100;365;365;100;365;365;100;"NAZARE DA MATA";"-7.73";"-35.25";87;"Desativada";1985-01-01;2024-05-31;"Diaria";"Convencional";"-7.73 -35.25 2014"
"271";2014;"82789";0;365;0;0;365;0;0;365;0;"TRIUNFO";"-7.82972221";"-38.12222221";1105;"Fechada";1985-01-01;2018-03-28;"Diaria";"Convencional";"-7.82972221 -38.12222221 2014"
"272";2014;"82797";0;365;0;0;365;0;0;365;0;"SURUBIM";"-7.839628";"-35.801056";421,44;"Operante";1985-01-01;2024-05-31;"Diaria";"Convencional";"-7.839628 -35.801056 2014"
"273";2014;"82799";365;365;100;365;365;100;365;365;100;"GOIANA";"-7.55";"-34.98";11;"Desativada";1985-01-01;2024-05-31;"Diaria";"Convencional";"-7.55 -34.98 2014"
"274";2014;"82886";0;365;0;0;365;0;0;365;0;"CABROBO";"-8.50388888";"-39.31527777";342,78;"Operante";1985-01-01;2024-05-31;"Diaria";"Convencional";"-8.50388888 -39.31527777 2014"
"275";2014;"82890";0;365;0;0;365;0;0;365;0;"ARCO VERDE";"-8.4336111";"-37.05527777";683,91;"Operante";1985-01-01;2024-05-31;"Diaria";"Convencional";"-8.4336111 -37.05527777 2014"
"276";2014;"82892";20;365;5,48;20;365;5,48;20;365;5,48;"PESQUEIRA";"-8.370701";"-36.707812";643,38;"Desativada";1985-01-01;2015-11-18;"Diaria";"Convencional";"-8.370701 -36.707812 2014"
"277";2014;"82893";14;365;3,84;191;365;52,33;191;365;52,33;"GARANHUNS";"-8.91083333";"-36.49333333";827,78;"Fechada";1985-01-01;2022-11-11;"Diaria";"Convencional";"-8.91083333 -36.49333333 2014"
"278";2014;"82897";365;365;100;365;365;100;365;365;100;"TAPACURA";"-8.17";"-35.18";102;"Desativada";1985-01-01;2024-05-31;"Diaria";"Convencional";"-8.17 -35.18 2014"
"279";2014;"82898";365;365;100;365;365;100;365;365;100;"OLINDA";"-8.02";"-34.85";55;"Desativada";1985-01-01;2024-05-31;"Diaria";"Convencional";"-8.02 -34.85 2014"
"280";2014;"82900";0;365;0;1;365;0,27;1;365;0,27;"RECIFE (CURADO)";"-8.05916666";"-34.95916666";11,3;"Fechada";1985-01-01;2020-08-31;"Diaria";"Convencional";"-8.05916666 -34.95916666 2014"
"281";2014;"82983";0;365;0;0;365;0;0;365;0;"PETROLINA";"-9.3886111";"-40.52333332";372,54;"Operante";1985-01-01;2024-05-31;"Diaria";"Convencional";"-9.3886111 -40.52333332 2014"
"282";2014;"A301";9;365;2,47;6;365;1,64;6;365;1,64;"RECIFE";"-8.05916666";"-34.95916666";11,3;"Desativada";2004-12-21;2021-11-11;"Diaria";"Automatica";"-8.05916666 -34.95916666 2014"
"283";2014;"A307";0;365;0;0;365;0;0;365;0;"PETROLINA";"-9.38833333";"-40.52333332";372,72;"Operante";2003-02-20;2024-05-31;"Diaria";"Automatica";"-9.38833333 -40.52333332 2014"
"284";2014;"A309";63;365;17,26;3;365;0,82;3;365;0,82;"ARCO VERDE";"-8.4336111";"-37.05555555";683,95;"Operante";2004-11-19;2024-05-31;"Diaria";"Automatica";"-8.4336111 -37.05555555 2014"
"285";2014;"A322";51;365;13,97;47;365;12,88;47;365;12,88;"GARANHUNS";"-8.91083333";"-36.49333333";827,78;"Operante";2007-07-07;2024-05-31;"Diaria";"Automatica";"-8.91083333 -36.49333333 2014"
"286";2014;"A328";0;365;0;0;365;0;0;365;0;"SURUBIM";"-7.83972221";"-35.80111111";421,44;"Operante";2008-03-08;2024-05-31;"Diaria";"Automatica";"-7.83972221 -35.80111111 2014"
"287";2014;"A329";0;365;0;0;365;0;0;365;0;"CABROBO";"-8.50388888";"-39.31527777";342,74;"Operante";2007-09-03;2024-05-31;"Diaria";"Automatica";"-8.50388888 -39.31527777 2014"
"288";2014;"A341";52;365;14,25;51;365;13,97;51;365;13,97;"CARUARU";"-8.36527777";"-36.02833332";852;"Operante";2007-11-20;2024-05-31;"Diaria";"Automatica";"-8.36527777 -36.02833332 2014"
"289";2014;"A349";0;365;0;0;365;0;0;365;0;"IBIMIRIM";"-8.50944444";"-37.71166666";434,23;"Pane";2008-10-13;2024-05-31;"Diaria";"Automatica";"-8.50944444 -37.71166666 2014"
"290";2014;"A350";60;365;16,44;0;365;0;0;365;0;"SERRA TALHADA";"-7.95416666";"-38.29499999";499,02;"Operante";2008-07-08;2024-05-31;"Diaria";"Automatica";"-7.95416666 -38.29499999 2014"
"291";2014;"A351";38;365;10,41;2;365;0,55;2;365;0,55;"FLORESTA";"-8.59888888";"-38.58416666";327,42;"Operante";2008-09-14;2024-05-31;"Diaria";"Automatica";"-8.59888888 -38.58416666 2014"
"292";2014;"A357";32;365;8,77;0;365;0;0;365;0;"PALMARES";"-8.66666666";"-35.56805554";164,01;"Operante";2008-09-03;2024-05-31;"Diaria";"Automatica";"-8.66666666 -35.56805554 2014"
"293";2014;"A366";0;365;0;0;365;0;0;365;0;"OURICURI";"-7.88583333";"-40.10277777";457,85;"Operante";2010-08-10;2024-05-31;"Diaria";"Automatica";"-7.88583333 -40.10277777 2014"
"294";2015;"82753";0;365;0;0;365;0;0;365;0;"OURICURI";"-7.87944443";"-40.09194444";462,01;"Operante";1985-01-01;2024-05-31;"Diaria";"Convencional";"-7.87944443 -40.09194444 2015"
"295";2015;"82781";365;365;100;365;365;100;365;365;100;"NAZARE DA MATA";"-7.73";"-35.25";87;"Desativada";1985-01-01;2024-05-31;"Diaria";"Convencional";"-7.73 -35.25 2015"
"296";2015;"82789";0;365;0;0;365;0;0;365;0;"TRIUNFO";"-7.82972221";"-38.12222221";1105;"Fechada";1985-01-01;2018-03-28;"Diaria";"Convencional";"-7.82972221 -38.12222221 2015"
"297";2015;"82797";0;365;0;0;365;0;0;365;0;"SURUBIM";"-7.839628";"-35.801056";421,44;"Operante";1985-01-01;2024-05-31;"Diaria";"Convencional";"-7.839628 -35.801056 2015"
"298";2015;"82799";365;365;100;365;365;100;365;365;100;"GOIANA";"-7.55";"-34.98";11;"Desativada";1985-01-01;2024-05-31;"Diaria";"Convencional";"-7.55 -34.98 2015"
"299";2015;"82886";0;365;0;0;365;0;0;365;0;"CABROBO";"-8.50388888";"-39.31527777";342,78;"Operante";1985-01-01;2024-05-31;"Diaria";"Convencional";"-8.50388888 -39.31527777 2015"
"300";2015;"82890";4;365;1,1;4;365;1,1;4;365;1,1;"ARCO VERDE";"-8.4336111";"-37.05527777";683,91;"Operante";1985-01-01;2024-05-31;"Diaria";"Convencional";"-8.4336111 -37.05527777 2015"
"301";2015;"82892";141;322;43,79;141;322;43,79;141;322;43,79;"PESQUEIRA";"-8.370701";"-36.707812";643,38;"Desativada";1985-01-01;2015-11-18;"Diaria";"Convencional";"-8.370701 -36.707812 2015"
"302";2015;"82893";98;365;26,85;304;365;83,29;304;365;83,29;"GARANHUNS";"-8.91083333";"-36.49333333";827,78;"Fechada";1985-01-01;2022-11-11;"Diaria";"Convencional";"-8.91083333 -36.49333333 2015"
"303";2015;"82897";365;365;100;365;365;100;365;365;100;"TAPACURA";"-8.17";"-35.18";102;"Desativada";1985-01-01;2024-05-31;"Diaria";"Convencional";"-8.17 -35.18 2015"
"304";2015;"82898";365;365;100;365;365;100;365;365;100;"OLINDA";"-8.02";"-34.85";55;"Desativada";1985-01-01;2024-05-31;"Diaria";"Convencional";"-8.02 -34.85 2015"
"305";2015;"82900";3;365;0,82;2;365;0,55;2;365;0,55;"RECIFE (CURADO)";"-8.05916666";"-34.95916666";11,3;"Fechada";1985-01-01;2020-08-31;"Diaria";"Convencional";"-8.05916666 -34.95916666 2015"
"306";2015;"82983";0;365;0;0;365;0;0;365;0;"PETROLINA";"-9.3886111";"-40.52333332";372,54;"Operante";1985-01-01;2024-05-31;"Diaria";"Convencional";"-9.3886111 -40.52333332 2015"
"307";2015;"A301";9;365;2,47;6;365;1,64;6;365;1,64;"RECIFE";"-8.05916666";"-34.95916666";11,3;"Desativada";2004-12-21;2021-11-11;"Diaria";"Automatica";"-8.05916666 -34.95916666 2015"
"308";2015;"A307";0;365;0;0;365;0;0;365;0;"PETROLINA";"-9.38833333";"-40.52333332";372,72;"Operante";2003-02-20;2024-05-31;"Diaria";"Automatica";"-9.38833333 -40.52333332 2015"
"309";2015;"A309";1;365;0,27;0;365;0;0;365;0;"ARCO VERDE";"-8.4336111";"-37.05555555";683,95;"Operante";2004-11-19;2024-05-31;"Diaria";"Automatica";"-8.4336111 -37.05555555 2015"
"310";2015;"A322";44;365;12,05;36;365;9,86;36;365;9,86;"GARANHUNS";"-8.91083333";"-36.49333333";827,78;"Operante";2007-07-07;2024-05-31;"Diaria";"Automatica";"-8.91083333 -36.49333333 2015"
"311";2015;"A328";61;365;16,71;51;365;13,97;51;365;13,97;"SURUBIM";"-7.83972221";"-35.80111111";421,44;"Operante";2008-03-08;2024-05-31;"Diaria";"Automatica";"-7.83972221 -35.80111111 2015"
"312";2015;"A329";9;365;2,47;6;365;1,64;6;365;1,64;"CABROBO";"-8.50388888";"-39.31527777";342,74;"Operante";2007-09-03;2024-05-31;"Diaria";"Automatica";"-8.50388888 -39.31527777 2015"
"313";2015;"A341";0;365;0;0;365;0;0;365;0;"CARUARU";"-8.36527777";"-36.02833332";852;"Operante";2007-11-20;2024-05-31;"Diaria";"Automatica";"-8.36527777 -36.02833332 2015"
"314";2015;"A349";12;365;3,29;10;365;2,74;10;365;2,74;"IBIMIRIM";"-8.50944444";"-37.71166666";434,23;"Pane";2008-10-13;2024-05-31;"Diaria";"Automatica";"-8.50944444 -37.71166666 2015"
"315";2015;"A350";90;365;24,66;0;365;0;0;365;0;"SERRA TALHADA";"-7.95416666";"-38.29499999";499,02;"Operante";2008-07-08;2024-05-31;"Diaria";"Automatica";"-7.95416666 -38.29499999 2015"
"316";2015;"A351";3;365;0,82;1;365;0,27;1;365;0,27;"FLORESTA";"-8.59888888";"-38.58416666";327,42;"Operante";2008-09-14;2024-05-31;"Diaria";"Automatica";"-8.59888888 -38.58416666 2015"
"317";2015;"A357";133;365;36,44;39;365;10,68;39;365;10,68;"PALMARES";"-8.66666666";"-35.56805554";164,01;"Operante";2008-09-03;2024-05-31;"Diaria";"Automatica";"-8.66666666 -35.56805554 2015"
"318";2015;"A366";178;365;48,77;170;365;46,58;170;365;46,58;"OURICURI";"-7.88583333";"-40.10277777";457,85;"Operante";2010-08-10;2024-05-31;"Diaria";"Automatica";"-7.88583333 -40.10277777 2015"
"319";2016;"82753";0;366;0;0;366;0;0;366;0;"OURICURI";"-7.87944443";"-40.09194444";462,01;"Operante";1985-01-01;2024-05-31;"Diaria";"Convencional";"-7.87944443 -40.09194444 2016"
"320";2016;"82781";366;366;100;366;366;100;366;366;100;"NAZARE DA MATA";"-7.73";"-35.25";87;"Desativada";1985-01-01;2024-05-31;"Diaria";"Convencional";"-7.73 -35.25 2016"
"321";2016;"82789";0;366;0;0;366;0;0;366;0;"TRIUNFO";"-7.82972221";"-38.12222221";1105;"Fechada";1985-01-01;2018-03-28;"Diaria";"Convencional";"-7.82972221 -38.12222221 2016"
"322";2016;"82797";0;366;0;0;366;0;0;366;0;"SURUBIM";"-7.839628";"-35.801056";421,44;"Operante";1985-01-01;2024-05-31;"Diaria";"Convencional";"-7.839628 -35.801056 2016"
"323";2016;"82799";366;366;100;366;366;100;366;366;100;"GOIANA";"-7.55";"-34.98";11;"Desativada";1985-01-01;2024-05-31;"Diaria";"Convencional";"-7.55 -34.98 2016"
"324";2016;"82886";0;366;0;0;366;0;0;366;0;"CABROBO";"-8.50388888";"-39.31527777";342,78;"Operante";1985-01-01;2024-05-31;"Diaria";"Convencional";"-8.50388888 -39.31527777 2016"
"325";2016;"82890";0;366;0;0;366;0;0;366;0;"ARCO VERDE";"-8.4336111";"-37.05527777";683,91;"Operante";1985-01-01;2024-05-31;"Diaria";"Convencional";"-8.4336111 -37.05527777 2016"
"326";2016;"82893";36;366;9,84;313;366;85,52;313;366;85,52;"GARANHUNS";"-8.91083333";"-36.49333333";827,78;"Fechada";1985-01-01;2022-11-11;"Diaria";"Convencional";"-8.91083333 -36.49333333 2016"
"327";2016;"82897";366;366;100;366;366;100;366;366;100;"TAPACURA";"-8.17";"-35.18";102;"Desativada";1985-01-01;2024-05-31;"Diaria";"Convencional";"-8.17 -35.18 2016"
"328";2016;"82898";366;366;100;366;366;100;366;366;100;"OLINDA";"-8.02";"-34.85";55;"Desativada";1985-01-01;2024-05-31;"Diaria";"Convencional";"-8.02 -34.85 2016"
"329";2016;"82900";1;366;0,27;1;366;0,27;1;366;0,27;"RECIFE (CURADO)";"-8.05916666";"-34.95916666";11,3;"Fechada";1985-01-01;2020-08-31;"Diaria";"Convencional";"-8.05916666 -34.95916666 2016"
"330";2016;"82983";0;366;0;0;366;0;0;366;0;"PETROLINA";"-9.3886111";"-40.52333332";372,54;"Operante";1985-01-01;2024-05-31;"Diaria";"Convencional";"-9.3886111 -40.52333332 2016"
"331";2016;"A301";19;366;5,19;16;366;4,37;16;366;4,37;"RECIFE";"-8.05916666";"-34.95916666";11,3;"Desativada";2004-12-21;2021-11-11;"Diaria";"Automatica";"-8.05916666 -34.95916666 2016"
"332";2016;"A307";0;366;0;0;366;0;0;366;0;"PETROLINA";"-9.38833333";"-40.52333332";372,72;"Operante";2003-02-20;2024-05-31;"Diaria";"Automatica";"-9.38833333 -40.52333332 2016"
"333";2016;"A309";91;366;24,86;0;366;0;0;366;0;"ARCO VERDE";"-8.4336111";"-37.05555555";683,95;"Operante";2004-11-19;2024-05-31;"Diaria";"Automatica";"-8.4336111 -37.05555555 2016"
"334";2016;"A322";0;366;0;0;366;0;0;366;0;"GARANHUNS";"-8.91083333";"-36.49333333";827,78;"Operante";2007-07-07;2024-05-31;"Diaria";"Automatica";"-8.91083333 -36.49333333 2016"
"335";2016;"A328";42;366;11,48;10;366;2,73;10;366;2,73;"SURUBIM";"-7.83972221";"-35.80111111";421,44;"Operante";2008-03-08;2024-05-31;"Diaria";"Automatica";"-7.83972221 -35.80111111 2016"
"336";2016;"A329";76;366;20,77;56;366;15,3;56;366;15,3;"CABROBO";"-8.50388888";"-39.31527777";342,74;"Operante";2007-09-03;2024-05-31;"Diaria";"Automatica";"-8.50388888 -39.31527777 2016"
"337";2016;"A341";0;366;0;0;366;0;0;366;0;"CARUARU";"-8.36527777";"-36.02833332";852;"Operante";2007-11-20;2024-05-31;"Diaria";"Automatica";"-8.36527777 -36.02833332 2016"
"338";2016;"A349";0;366;0;0;366;0;0;366;0;"IBIMIRIM";"-8.50944444";"-37.71166666";434,23;"Pane";2008-10-13;2024-05-31;"Diaria";"Automatica";"-8.50944444 -37.71166666 2016"
"339";2016;"A350";61;366;16,67;54;366;14,75;54;366;14,75;"SERRA TALHADA";"-7.95416666";"-38.29499999";499,02;"Operante";2008-07-08;2024-05-31;"Diaria";"Automatica";"-7.95416666 -38.29499999 2016"
"340";2016;"A351";43;366;11,75;34;366;9,29;34;366;9,29;"FLORESTA";"-8.59888888";"-38.58416666";327,42;"Operante";2008-09-14;2024-05-31;"Diaria";"Automatica";"-8.59888888 -38.58416666 2016"
"341";2016;"A357";136;366;37,16;12;366;3,28;12;366;3,28;"PALMARES";"-8.66666666";"-35.56805554";164,01;"Operante";2008-09-03;2024-05-31;"Diaria";"Automatica";"-8.66666666 -35.56805554 2016"
"342";2016;"A366";88;366;24,04;44;366;12,02;44;366;12,02;"OURICURI";"-7.88583333";"-40.10277777";457,85;"Operante";2010-08-10;2024-05-31;"Diaria";"Automatica";"-7.88583333 -40.10277777 2016"
"343";2017;"82753";0;365;0;0;365;0;0;365;0;"OURICURI";"-7.87944443";"-40.09194444";462,01;"Operante";1985-01-01;2024-05-31;"Diaria";"Convencional";"-7.87944443 -40.09194444 2017"
"344";2017;"82781";365;365;100;365;365;100;365;365;100;"NAZARE DA MATA";"-7.73";"-35.25";87;"Desativada";1985-01-01;2024-05-31;"Diaria";"Convencional";"-7.73 -35.25 2017"
"345";2017;"82789";76;365;20,82;76;365;20,82;76;365;20,82;"TRIUNFO";"-7.82972221";"-38.12222221";1105;"Fechada";1985-01-01;2018-03-28;"Diaria";"Convencional";"-7.82972221 -38.12222221 2017"
"346";2017;"82797";0;365;0;0;365;0;0;365;0;"SURUBIM";"-7.839628";"-35.801056";421,44;"Operante";1985-01-01;2024-05-31;"Diaria";"Convencional";"-7.839628 -35.801056 2017"
"347";2017;"82799";365;365;100;365;365;100;365;365;100;"GOIANA";"-7.55";"-34.98";11;"Desativada";1985-01-01;2024-05-31;"Diaria";"Convencional";"-7.55 -34.98 2017"
"348";2017;"82886";3;365;0,82;3;365;0,82;3;365;0,82;"CABROBO";"-8.50388888";"-39.31527777";342,78;"Operante";1985-01-01;2024-05-31;"Diaria";"Convencional";"-8.50388888 -39.31527777 2017"
"349";2017;"82890";0;365;0;0;365;0;0;365;0;"ARCO VERDE";"-8.4336111";"-37.05527777";683,91;"Operante";1985-01-01;2024-05-31;"Diaria";"Convencional";"-8.4336111 -37.05527777 2017"
"350";2017;"82893";56;365;15,34;364;365;99,73;364;365;99,73;"GARANHUNS";"-8.91083333";"-36.49333333";827,78;"Fechada";1985-01-01;2022-11-11;"Diaria";"Convencional";"-8.91083333 -36.49333333 2017"
"351";2017;"82897";365;365;100;365;365;100;365;365;100;"TAPACURA";"-8.17";"-35.18";102;"Desativada";1985-01-01;2024-05-31;"Diaria";"Convencional";"-8.17 -35.18 2017"
"352";2017;"82898";365;365;100;365;365;100;365;365;100;"OLINDA";"-8.02";"-34.85";55;"Desativada";1985-01-01;2024-05-31;"Diaria";"Convencional";"-8.02 -34.85 2017"
"353";2017;"82900";1;365;0,27;0;365;0;0;365;0;"RECIFE (CURADO)";"-8.05916666";"-34.95916666";11,3;"Fechada";1985-01-01;2020-08-31;"Diaria";"Convencional";"-8.05916666 -34.95916666 2017"
"354";2017;"82983";0;365;0;0;365;0;0;365;0;"PETROLINA";"-9.3886111";"-40.52333332";372,54;"Operante";1985-01-01;2024-05-31;"Diaria";"Convencional";"-9.3886111 -40.52333332 2017"
"355";2017;"A301";33;365;9,04;24;365;6,58;24;365;6,58;"RECIFE";"-8.05916666";"-34.95916666";11,3;"Desativada";2004-12-21;2021-11-11;"Diaria";"Automatica";"-8.05916666 -34.95916666 2017"
"356";2017;"A307";0;365;0;0;365;0;0;365;0;"PETROLINA";"-9.38833333";"-40.52333332";372,72;"Operante";2003-02-20;2024-05-31;"Diaria";"Automatica";"-9.38833333 -40.52333332 2017"
"357";2017;"A309";31;365;8,49;0;365;0;0;365;0;"ARCO VERDE";"-8.4336111";"-37.05555555";683,95;"Operante";2004-11-19;2024-05-31;"Diaria";"Automatica";"-8.4336111 -37.05555555 2017"
"358";2017;"A322";25;365;6,85;24;365;6,58;24;365;6,58;"GARANHUNS";"-8.91083333";"-36.49333333";827,78;"Operante";2007-07-07;2024-05-31;"Diaria";"Automatica";"-8.91083333 -36.49333333 2017"
"359";2017;"A328";2;365;0,55;1;365;0,27;1;365;0,27;"SURUBIM";"-7.83972221";"-35.80111111";421,44;"Operante";2008-03-08;2024-05-31;"Diaria";"Automatica";"-7.83972221 -35.80111111 2017"
"360";2017;"A329";2;365;0,55;2;365;0,55;2;365;0,55;"CABROBO";"-8.50388888";"-39.31527777";342,74;"Operante";2007-09-03;2024-05-31;"Diaria";"Automatica";"-8.50388888 -39.31527777 2017"
"361";2017;"A341";184;365;50,41;29;365;7,95;29;365;7,95;"CARUARU";"-8.36527777";"-36.02833332";852;"Operante";2007-11-20;2024-05-31;"Diaria";"Automatica";"-8.36527777 -36.02833332 2017"
"362";2017;"A349";54;365;14,79;38;365;10,41;38;365;10,41;"IBIMIRIM";"-8.50944444";"-37.71166666";434,23;"Pane";2008-10-13;2024-05-31;"Diaria";"Automatica";"-8.50944444 -37.71166666 2017"
"363";2017;"A350";0;365;0;0;365;0;0;365;0;"SERRA TALHADA";"-7.95416666";"-38.29499999";499,02;"Operante";2008-07-08;2024-05-31;"Diaria";"Automatica";"-7.95416666 -38.29499999 2017"
"364";2017;"A351";73;365;20;73;365;20;73;365;20;"FLORESTA";"-8.59888888";"-38.58416666";327,42;"Operante";2008-09-14;2024-05-31;"Diaria";"Automatica";"-8.59888888 -38.58416666 2017"
"365";2017;"A357";142;365;38,9;140;365;38,36;140;365;38,36;"PALMARES";"-8.66666666";"-35.56805554";164,01;"Operante";2008-09-03;2024-05-31;"Diaria";"Automatica";"-8.66666666 -35.56805554 2017"
"366";2017;"A366";87;365;23,84;45;365;12,33;45;365;12,33;"OURICURI";"-7.88583333";"-40.10277777";457,85;"Operante";2010-08-10;2024-05-31;"Diaria";"Automatica";"-7.88583333 -40.10277777 2017"
"367";2017;"A370";34;109;31,19;31;109;28,44;31;109;28,44;"SALGUEIRO";"-8.05805555";"-39.0961111";447;"Operante";2017-09-14;2024-05-31;"Diaria";"Automatica";"-8.05805555 -39.0961111 2017"
"368";2018;"82753";0;365;0;0;365;0;0;365;0;"OURICURI";"-7.87944443";"-40.09194444";462,01;"Operante";1985-01-01;2024-05-31;"Diaria";"Convencional";"-7.87944443 -40.09194444 2018"
"369";2018;"82781";365;365;100;365;365;100;365;365;100;"NAZARE DA MATA";"-7.73";"-35.25";87;"Desativada";1985-01-01;2024-05-31;"Diaria";"Convencional";"-7.73 -35.25 2018"
"370";2018;"82789";5;87;5,75;5;87;5,75;5;87;5,75;"TRIUNFO";"-7.82972221";"-38.12222221";1105;"Fechada";1985-01-01;2018-03-28;"Diaria";"Convencional";"-7.82972221 -38.12222221 2018"
"371";2018;"82797";0;365;0;0;365;0;0;365;0;"SURUBIM";"-7.839628";"-35.801056";421,44;"Operante";1985-01-01;2024-05-31;"Diaria";"Convencional";"-7.839628 -35.801056 2018"
"372";2018;"82799";365;365;100;365;365;100;365;365;100;"GOIANA";"-7.55";"-34.98";11;"Desativada";1985-01-01;2024-05-31;"Diaria";"Convencional";"-7.55 -34.98 2018"
"373";2018;"82886";20;365;5,48;20;365;5,48;20;365;5,48;"CABROBO";"-8.50388888";"-39.31527777";342,78;"Operante";1985-01-01;2024-05-31;"Diaria";"Convencional";"-8.50388888 -39.31527777 2018"
"374";2018;"82890";0;365;0;0;365;0;0;365;0;"ARCO VERDE";"-8.4336111";"-37.05527777";683,91;"Operante";1985-01-01;2024-05-31;"Diaria";"Convencional";"-8.4336111 -37.05527777 2018"
"375";2018;"82893";62;365;16,99;143;365;39,18;143;365;39,18;"GARANHUNS";"-8.91083333";"-36.49333333";827,78;"Fechada";1985-01-01;2022-11-11;"Diaria";"Convencional";"-8.91083333 -36.49333333 2018"
"376";2018;"82897";365;365;100;365;365;100;365;365;100;"TAPACURA";"-8.17";"-35.18";102;"Desativada";1985-01-01;2024-05-31;"Diaria";"Convencional";"-8.17 -35.18 2018"
"377";2018;"82898";365;365;100;365;365;100;365;365;100;"OLINDA";"-8.02";"-34.85";55;"Desativada";1985-01-01;2024-05-31;"Diaria";"Convencional";"-8.02 -34.85 2018"
"378";2018;"82900";1;365;0,27;1;365;0,27;1;365;0,27;"RECIFE (CURADO)";"-8.05916666";"-34.95916666";11,3;"Fechada";1985-01-01;2020-08-31;"Diaria";"Convencional";"-8.05916666 -34.95916666 2018"
"379";2018;"82983";0;365;0;0;365;0;0;365;0;"PETROLINA";"-9.3886111";"-40.52333332";372,54;"Operante";1985-01-01;2024-05-31;"Diaria";"Convencional";"-9.3886111 -40.52333332 2018"
"380";2018;"A301";29;365;7,95;18;365;4,93;18;365;4,93;"RECIFE";"-8.05916666";"-34.95916666";11,3;"Desativada";2004-12-21;2021-11-11;"Diaria";"Automatica";"-8.05916666 -34.95916666 2018"
"381";2018;"A307";118;365;32,33;113;365;30,96;113;365;30,96;"PETROLINA";"-9.38833333";"-40.52333332";372,72;"Operante";2003-02-20;2024-05-31;"Diaria";"Automatica";"-9.38833333 -40.52333332 2018"
"382";2018;"A309";91;365;24,93;0;365;0;0;365;0;"ARCO VERDE";"-8.4336111";"-37.05555555";683,95;"Operante";2004-11-19;2024-05-31;"Diaria";"Automatica";"-8.4336111 -37.05555555 2018"
"383";2018;"A322";87;365;23,84;85;365;23,29;85;365;23,29;"GARANHUNS";"-8.91083333";"-36.49333333";827,78;"Operante";2007-07-07;2024-05-31;"Diaria";"Automatica";"-8.91083333 -36.49333333 2018"
"384";2018;"A328";118;365;32,33;84;365;23,01;84;365;23,01;"SURUBIM";"-7.83972221";"-35.80111111";421,44;"Operante";2008-03-08;2024-05-31;"Diaria";"Automatica";"-7.83972221 -35.80111111 2018"
"385";2018;"A329";41;365;11,23;34;365;9,32;34;365;9,32;"CABROBO";"-8.50388888";"-39.31527777";342,74;"Operante";2007-09-03;2024-05-31;"Diaria";"Automatica";"-8.50388888 -39.31527777 2018"
"386";2018;"A341";146;365;40;97;365;26,58;97;365;26,58;"CARUARU";"-8.36527777";"-36.02833332";852;"Operante";2007-11-20;2024-05-31;"Diaria";"Automatica";"-8.36527777 -36.02833332 2018"
"387";2018;"A349";31;365;8,49;0;365;0;0;365;0;"IBIMIRIM";"-8.50944444";"-37.71166666";434,23;"Pane";2008-10-13;2024-05-31;"Diaria";"Automatica";"-8.50944444 -37.71166666 2018"
"388";2018;"A350";43;365;11,78;41;365;11,23;41;365;11,23;"SERRA TALHADA";"-7.95416666";"-38.29499999";499,02;"Operante";2008-07-08;2024-05-31;"Diaria";"Automatica";"-7.95416666 -38.29499999 2018"
"389";2018;"A351";0;365;0;0;365;0;0;365;0;"FLORESTA";"-8.59888888";"-38.58416666";327,42;"Operante";2008-09-14;2024-05-31;"Diaria";"Automatica";"-8.59888888 -38.58416666 2018"
"390";2018;"A357";69;365;18,9;64;365;17,53;64;365;17,53;"PALMARES";"-8.66666666";"-35.56805554";164,01;"Operante";2008-09-03;2024-05-31;"Diaria";"Automatica";"-8.66666666 -35.56805554 2018"
"391";2018;"A366";95;365;26,03;58;365;15,89;58;365;15,89;"OURICURI";"-7.88583333";"-40.10277777";457,85;"Operante";2010-08-10;2024-05-31;"Diaria";"Automatica";"-7.88583333 -40.10277777 2018"
"392";2018;"A370";1;365;0,27;0;365;0;0;365;0;"SALGUEIRO";"-8.05805555";"-39.0961111";447;"Operante";2017-09-14;2024-05-31;"Diaria";"Automatica";"-8.05805555 -39.0961111 2018"
"393";2019;"82753";0;365;0;0;365;0;0;365;0;"OURICURI";"-7.87944443";"-40.09194444";462,01;"Operante";1985-01-01;2024-05-31;"Diaria";"Convencional";"-7.87944443 -40.09194444 2019"
"394";2019;"82781";365;365;100;365;365;100;365;365;100;"NAZARE DA MATA";"-7.73";"-35.25";87;"Desativada";1985-01-01;2024-05-31;"Diaria";"Convencional";"-7.73 -35.25 2019"
"395";2019;"82797";1;365;0,27;1;365;0,27;1;365;0,27;"SURUBIM";"-7.839628";"-35.801056";421,44;"Operante";1985-01-01;2024-05-31;"Diaria";"Convencional";"-7.839628 -35.801056 2019"
"396";2019;"82799";365;365;100;365;365;100;365;365;100;"GOIANA";"-7.55";"-34.98";11;"Desativada";1985-01-01;2024-05-31;"Diaria";"Convencional";"-7.55 -34.98 2019"
"397";2019;"82886";20;365;5,48;20;365;5,48;20;365;5,48;"CABROBO";"-8.50388888";"-39.31527777";342,78;"Operante";1985-01-01;2024-05-31;"Diaria";"Convencional";"-8.50388888 -39.31527777 2019"
"398";2019;"82890";0;365;0;0;365;0;0;365;0;"ARCO VERDE";"-8.4336111";"-37.05527777";683,91;"Operante";1985-01-01;2024-05-31;"Diaria";"Convencional";"-8.4336111 -37.05527777 2019"
"399";2019;"82893";76;365;20,82;334;365;91,51;334;365;91,51;"GARANHUNS";"-8.91083333";"-36.49333333";827,78;"Fechada";1985-01-01;2022-11-11;"Diaria";"Convencional";"-8.91083333 -36.49333333 2019"
"400";2019;"82897";365;365;100;365;365;100;365;365;100;"TAPACURA";"-8.17";"-35.18";102;"Desativada";1985-01-01;2024-05-31;"Diaria";"Convencional";"-8.17 -35.18 2019"
"401";2019;"82898";365;365;100;365;365;100;365;365;100;"OLINDA";"-8.02";"-34.85";55;"Desativada";1985-01-01;2024-05-31;"Diaria";"Convencional";"-8.02 -34.85 2019"
"402";2019;"82900";1;365;0,27;0;365;0;0;365;0;"RECIFE (CURADO)";"-8.05916666";"-34.95916666";11,3;"Fechada";1985-01-01;2020-08-31;"Diaria";"Convencional";"-8.05916666 -34.95916666 2019"
"403";2019;"82983";3;365;0,82;3;365;0,82;3;365;0,82;"PETROLINA";"-9.3886111";"-40.52333332";372,54;"Operante";1985-01-01;2024-05-31;"Diaria";"Convencional";"-9.3886111 -40.52333332 2019"
"404";2019;"A301";0;365;0;0;365;0;0;365;0;"RECIFE";"-8.05916666";"-34.95916666";11,3;"Desativada";2004-12-21;2021-11-11;"Diaria";"Automatica";"-8.05916666 -34.95916666 2019"
"405";2019;"A307";0;365;0;0;365;0;0;365;0;"PETROLINA";"-9.38833333";"-40.52333332";372,72;"Operante";2003-02-20;2024-05-31;"Diaria";"Automatica";"-9.38833333 -40.52333332 2019"
"406";2019;"A309";60;365;16,44;0;365;0;0;365;0;"ARCO VERDE";"-8.4336111";"-37.05555555";683,95;"Operante";2004-11-19;2024-05-31;"Diaria";"Automatica";"-8.4336111 -37.05555555 2019"
"407";2019;"A322";0;365;0;0;365;0;0;365;0;"GARANHUNS";"-8.91083333";"-36.49333333";827,78;"Operante";2007-07-07;2024-05-31;"Diaria";"Automatica";"-8.91083333 -36.49333333 2019"
"408";2019;"A328";182;365;49,86;0;365;0;0;365;0;"SURUBIM";"-7.83972221";"-35.80111111";421,44;"Operante";2008-03-08;2024-05-31;"Diaria";"Automatica";"-7.83972221 -35.80111111 2019"
"409";2019;"A329";79;365;21,64;75;365;20,55;75;365;20,55;"CABROBO";"-8.50388888";"-39.31527777";342,74;"Operante";2007-09-03;2024-05-31;"Diaria";"Automatica";"-8.50388888 -39.31527777 2019"
"410";2019;"A341";62;365;16,99;0;365;0;0;365;0;"CARUARU";"-8.36527777";"-36.02833332";852;"Operante";2007-11-20;2024-05-31;"Diaria";"Automatica";"-8.36527777 -36.02833332 2019"
"411";2019;"A349";225;365;61,64;52;365;14,25;52;365;14,25;"IBIMIRIM";"-8.50944444";"-37.71166666";434,23;"Pane";2008-10-13;2024-05-31;"Diaria";"Automatica";"-8.50944444 -37.71166666 2019"
"412";2019;"A350";0;365;0;0;365;0;0;365;0;"SERRA TALHADA";"-7.95416666";"-38.29499999";499,02;"Operante";2008-07-08;2024-05-31;"Diaria";"Automatica";"-7.95416666 -38.29499999 2019"
"413";2019;"A351";33;365;9,04;32;365;8,77;32;365;8,77;"FLORESTA";"-8.59888888";"-38.58416666";327,42;"Operante";2008-09-14;2024-05-31;"Diaria";"Automatica";"-8.59888888 -38.58416666 2019"
"414";2019;"A357";131;365;35,89;90;365;24,66;90;365;24,66;"PALMARES";"-8.66666666";"-35.56805554";164,01;"Operante";2008-09-03;2024-05-31;"Diaria";"Automatica";"-8.66666666 -35.56805554 2019"
"415";2019;"A366";150;365;41,1;102;365;27,95;102;365;27,95;"OURICURI";"-7.88583333";"-40.10277777";457,85;"Operante";2010-08-10;2024-05-31;"Diaria";"Automatica";"-7.88583333 -40.10277777 2019"
"416";2019;"A370";57;365;15,62;55;365;15,07;55;365;15,07;"SALGUEIRO";"-8.05805555";"-39.0961111";447;"Operante";2017-09-14;2024-05-31;"Diaria";"Automatica";"-8.05805555 -39.0961111 2019"
"417";2020;"82753";0;366;0;0;366;0;0;366;0;"OURICURI";"-7.87944443";"-40.09194444";462,01;"Operante";1985-01-01;2024-05-31;"Diaria";"Convencional";"-7.87944443 -40.09194444 2020"
"418";2020;"82781";366;366;100;366;366;100;366;366;100;"NAZARE DA MATA";"-7.73";"-35.25";87;"Desativada";1985-01-01;2024-05-31;"Diaria";"Convencional";"-7.73 -35.25 2020"
"419";2020;"82797";30;366;8,2;30;366;8,2;30;366;8,2;"SURUBIM";"-7.839628";"-35.801056";421,44;"Operante";1985-01-01;2024-05-31;"Diaria";"Convencional";"-7.839628 -35.801056 2020"
"420";2020;"82799";366;366;100;366;366;100;366;366;100;"GOIANA";"-7.55";"-34.98";11;"Desativada";1985-01-01;2024-05-31;"Diaria";"Convencional";"-7.55 -34.98 2020"
"421";2020;"82886";51;366;13,93;51;366;13,93;51;366;13,93;"CABROBO";"-8.50388888";"-39.31527777";342,78;"Operante";1985-01-01;2024-05-31;"Diaria";"Convencional";"-8.50388888 -39.31527777 2020"
"422";2020;"82890";42;366;11,48;42;366;11,48;42;366;11,48;"ARCO VERDE";"-8.4336111";"-37.05527777";683,91;"Operante";1985-01-01;2024-05-31;"Diaria";"Convencional";"-8.4336111 -37.05527777 2020"
"423";2020;"82893";323;366;88,25;366;366;100;366;366;100;"GARANHUNS";"-8.91083333";"-36.49333333";827,78;"Fechada";1985-01-01;2022-11-11;"Diaria";"Convencional";"-8.91083333 -36.49333333 2020"
"424";2020;"82897";366;366;100;366;366;100;366;366;100;"TAPACURA";"-8.17";"-35.18";102;"Desativada";1985-01-01;2024-05-31;"Diaria";"Convencional";"-8.17 -35.18 2020"
"425";2020;"82898";366;366;100;366;366;100;366;366;100;"OLINDA";"-8.02";"-34.85";55;"Desativada";1985-01-01;2024-05-31;"Diaria";"Convencional";"-8.02 -34.85 2020"
"426";2020;"82900";2;244;0,82;2;244;0,82;2;244;0,82;"RECIFE (CURADO)";"-8.05916666";"-34.95916666";11,3;"Fechada";1985-01-01;2020-08-31;"Diaria";"Convencional";"-8.05916666 -34.95916666 2020"
"427";2020;"82983";4;366;1,09;4;366;1,09;4;366;1,09;"PETROLINA";"-9.3886111";"-40.52333332";372,54;"Operante";1985-01-01;2024-05-31;"Diaria";"Convencional";"-9.3886111 -40.52333332 2020"
"428";2020;"A301";0;366;0;0;366;0;0;366;0;"RECIFE";"-8.05916666";"-34.95916666";11,3;"Desativada";2004-12-21;2021-11-11;"Diaria";"Automatica";"-8.05916666 -34.95916666 2020"
"429";2020;"A307";0;366;0;0;366;0;0;366;0;"PETROLINA";"-9.38833333";"-40.52333332";372,72;"Operante";2003-02-20;2024-05-31;"Diaria";"Automatica";"-9.38833333 -40.52333332 2020"
"430";2020;"A309";245;366;66,94;70;366;19,13;70;366;19,13;"ARCO VERDE";"-8.4336111";"-37.05555555";683,95;"Operante";2004-11-19;2024-05-31;"Diaria";"Automatica";"-8.4336111 -37.05555555 2020"
"431";2020;"A322";0;366;0;0;366;0;0;366;0;"GARANHUNS";"-8.91083333";"-36.49333333";827,78;"Operante";2007-07-07;2024-05-31;"Diaria";"Automatica";"-8.91083333 -36.49333333 2020"
"432";2020;"A328";366;366;100;196;366;53,55;196;366;53,55;"SURUBIM";"-7.83972221";"-35.80111111";421,44;"Operante";2008-03-08;2024-05-31;"Diaria";"Automatica";"-7.83972221 -35.80111111 2020"
"433";2020;"A329";0;366;0;0;366;0;0;366;0;"CABROBO";"-8.50388888";"-39.31527777";342,74;"Operante";2007-09-03;2024-05-31;"Diaria";"Automatica";"-8.50388888 -39.31527777 2020"
"434";2020;"A341";0;366;0;0;366;0;0;366;0;"CARUARU";"-8.36527777";"-36.02833332";852;"Operante";2007-11-20;2024-05-31;"Diaria";"Automatica";"-8.36527777 -36.02833332 2020"
"435";2020;"A349";0;366;0;0;366;0;0;366;0;"IBIMIRIM";"-8.50944444";"-37.71166666";434,23;"Pane";2008-10-13;2024-05-31;"Diaria";"Automatica";"-8.50944444 -37.71166666 2020"
"436";2020;"A350";0;366;0;0;366;0;0;366;0;"SERRA TALHADA";"-7.95416666";"-38.29499999";499,02;"Operante";2008-07-08;2024-05-31;"Diaria";"Automatica";"-7.95416666 -38.29499999 2020"
"437";2020;"A351";31;366;8,47;0;366;0;0;366;0;"FLORESTA";"-8.59888888";"-38.58416666";327,42;"Operante";2008-09-14;2024-05-31;"Diaria";"Automatica";"-8.59888888 -38.58416666 2020"
"438";2020;"A357";335;366;91,53;0;366;0;0;366;0;"PALMARES";"-8.66666666";"-35.56805554";164,01;"Operante";2008-09-03;2024-05-31;"Diaria";"Automatica";"-8.66666666 -35.56805554 2020"
"439";2020;"A366";288;366;78,69;130;366;35,52;130;366;35,52;"OURICURI";"-7.88583333";"-40.10277777";457,85;"Operante";2010-08-10;2024-05-31;"Diaria";"Automatica";"-7.88583333 -40.10277777 2020"
"440";2020;"A370";352;366;96,17;350;366;95,63;350;366;95,63;"SALGUEIRO";"-8.05805555";"-39.0961111";447;"Operante";2017-09-14;2024-05-31;"Diaria";"Automatica";"-8.05805555 -39.0961111 2020"
"441";2021;"82753";11;365;3,01;11;365;3,01;11;365;3,01;"OURICURI";"-7.87944443";"-40.09194444";462,01;"Operante";1985-01-01;2024-05-31;"Diaria";"Convencional";"-7.87944443 -40.09194444 2021"
"442";2021;"82781";365;365;100;365;365;100;365;365;100;"NAZARE DA MATA";"-7.73";"-35.25";87;"Desativada";1985-01-01;2024-05-31;"Diaria";"Convencional";"-7.73 -35.25 2021"
"443";2021;"82797";242;365;66,3;242;365;66,3;242;365;66,3;"SURUBIM";"-7.839628";"-35.801056";421,44;"Operante";1985-01-01;2024-05-31;"Diaria";"Convencional";"-7.839628 -35.801056 2021"
"444";2021;"82799";365;365;100;365;365;100;365;365;100;"GOIANA";"-7.55";"-34.98";11;"Desativada";1985-01-01;2024-05-31;"Diaria";"Convencional";"-7.55 -34.98 2021"
"445";2021;"82886";52;365;14,25;56;365;15,34;56;365;15,34;"CABROBO";"-8.50388888";"-39.31527777";342,78;"Operante";1985-01-01;2024-05-31;"Diaria";"Convencional";"-8.50388888 -39.31527777 2021"
"446";2021;"82890";41;365;11,23;42;365;11,51;42;365;11,51;"ARCO VERDE";"-8.4336111";"-37.05527777";683,91;"Operante";1985-01-01;2024-05-31;"Diaria";"Convencional";"-8.4336111 -37.05527777 2021"
"447";2021;"82893";303;365;83,01;364;365;99,73;364;365;99,73;"GARANHUNS";"-8.91083333";"-36.49333333";827,78;"Fechada";1985-01-01;2022-11-11;"Diaria";"Convencional";"-8.91083333 -36.49333333 2021"
"448";2021;"82897";365;365;100;365;365;100;365;365;100;"TAPACURA";"-8.17";"-35.18";102;"Desativada";1985-01-01;2024-05-31;"Diaria";"Convencional";"-8.17 -35.18 2021"
"449";2021;"82898";365;365;100;364;365;99,73;364;365;99,73;"OLINDA";"-8.02";"-34.85";55;"Desativada";1985-01-01;2024-05-31;"Diaria";"Convencional";"-8.02 -34.85 2021"
"450";2021;"82983";6;365;1,64;8;365;2,19;8;365;2,19;"PETROLINA";"-9.3886111";"-40.52333332";372,54;"Operante";1985-01-01;2024-05-31;"Diaria";"Convencional";"-9.3886111 -40.52333332 2021"
"451";2021;"A301";3;315;0,95;0;315;0;0;315;0;"RECIFE";"-8.05916666";"-34.95916666";11,3;"Desativada";2004-12-21;2021-11-11;"Diaria";"Automatica";"-8.05916666 -34.95916666 2021"
"452";2021;"A307";0;365;0;0;365;0;0;365;0;"PETROLINA";"-9.38833333";"-40.52333332";372,72;"Operante";2003-02-20;2024-05-31;"Diaria";"Automatica";"-9.38833333 -40.52333332 2021"
"453";2021;"A309";365;365;100;365;365;100;365;365;100;"ARCO VERDE";"-8.4336111";"-37.05555555";683,95;"Operante";2004-11-19;2024-05-31;"Diaria";"Automatica";"-8.4336111 -37.05555555 2021"
"454";2021;"A322";135;365;36,99;133;365;36,44;133;365;36,44;"GARANHUNS";"-8.91083333";"-36.49333333";827,78;"Operante";2007-07-07;2024-05-31;"Diaria";"Automatica";"-8.91083333 -36.49333333 2021"
"455";2021;"A328";365;365;100;363;365;99,45;363;365;99,45;"SURUBIM";"-7.83972221";"-35.80111111";421,44;"Operante";2008-03-08;2024-05-31;"Diaria";"Automatica";"-7.83972221 -35.80111111 2021"
"456";2021;"A329";37;365;10,14;32;365;8,77;32;365;8,77;"CABROBO";"-8.50388888";"-39.31527777";342,74;"Operante";2007-09-03;2024-05-31;"Diaria";"Automatica";"-8.50388888 -39.31527777 2021"
"457";2021;"A341";340;365;93,15;340;365;93,15;340;365;93,15;"CARUARU";"-8.36527777";"-36.02833332";852;"Operante";2007-11-20;2024-05-31;"Diaria";"Automatica";"-8.36527777 -36.02833332 2021"
"458";2021;"A349";2;365;0,55;1;365;0,27;1;365;0,27;"IBIMIRIM";"-8.50944444";"-37.71166666";434,23;"Pane";2008-10-13;2024-05-31;"Diaria";"Automatica";"-8.50944444 -37.71166666 2021"
"459";2021;"A350";187;365;51,23;186;365;50,96;186;365;50,96;"SERRA TALHADA";"-7.95416666";"-38.29499999";499,02;"Operante";2008-07-08;2024-05-31;"Diaria";"Automatica";"-7.95416666 -38.29499999 2021"
"460";2021;"A351";129;365;35,34;97;365;26,58;97;365;26,58;"FLORESTA";"-8.59888888";"-38.58416666";327,42;"Operante";2008-09-14;2024-05-31;"Diaria";"Automatica";"-8.59888888 -38.58416666 2021"
"461";2021;"A357";283;365;77,53;97;365;26,58;97;365;26,58;"PALMARES";"-8.66666666";"-35.56805554";164,01;"Operante";2008-09-03;2024-05-31;"Diaria";"Automatica";"-8.66666666 -35.56805554 2021"
"462";2021;"A366";365;365;100;227;365;62,19;227;365;62,19;"OURICURI";"-7.88583333";"-40.10277777";457,85;"Operante";2010-08-10;2024-05-31;"Diaria";"Automatica";"-7.88583333 -40.10277777 2021"
"463";2021;"A370";365;365;100;365;365;100;365;365;100;"SALGUEIRO";"-8.05805555";"-39.0961111";447;"Operante";2017-09-14;2024-05-31;"Diaria";"Automatica";"-8.05805555 -39.0961111 2021"
"464";2022;"82753";76;365;20,82;77;365;21,1;77;365;21,1;"OURICURI";"-7.87944443";"-40.09194444";462,01;"Operante";1985-01-01;2024-05-31;"Diaria";"Convencional";"-7.87944443 -40.09194444 2022"
"465";2022;"82781";365;365;100;365;365;100;365;365;100;"NAZARE DA MATA";"-7.73";"-35.25";87;"Desativada";1985-01-01;2024-05-31;"Diaria";"Convencional";"-7.73 -35.25 2022"
"466";2022;"82797";3;365;0,82;7;365;1,92;7;365;1,92;"SURUBIM";"-7.839628";"-35.801056";421,44;"Operante";1985-01-01;2024-05-31;"Diaria";"Convencional";"-7.839628 -35.801056 2022"
"467";2022;"82799";365;365;100;365;365;100;365;365;100;"GOIANA";"-7.55";"-34.98";11;"Desativada";1985-01-01;2024-05-31;"Diaria";"Convencional";"-7.55 -34.98 2022"
"468";2022;"82886";69;365;18,9;68;365;18,63;68;365;18,63;"CABROBO";"-8.50388888";"-39.31527777";342,78;"Operante";1985-01-01;2024-05-31;"Diaria";"Convencional";"-8.50388888 -39.31527777 2022"
"469";2022;"82890";6;365;1,64;10;365;2,74;10;365;2,74;"ARCO VERDE";"-8.4336111";"-37.05527777";683,91;"Operante";1985-01-01;2024-05-31;"Diaria";"Convencional";"-8.4336111 -37.05527777 2022"
"470";2022;"82893";89;315;28,25;315;315;100;315;315;100;"GARANHUNS";"-8.91083333";"-36.49333333";827,78;"Fechada";1985-01-01;2022-11-11;"Diaria";"Convencional";"-8.91083333 -36.49333333 2022"
"471";2022;"82897";365;365;100;364;365;99,73;364;365;99,73;"TAPACURA";"-8.17";"-35.18";102;"Desativada";1985-01-01;2024-05-31;"Diaria";"Convencional";"-8.17 -35.18 2022"
"472";2022;"82898";365;365;100;365;365;100;365;365;100;"OLINDA";"-8.02";"-34.85";55;"Desativada";1985-01-01;2024-05-31;"Diaria";"Convencional";"-8.02 -34.85 2022"
"473";2022;"82983";76;365;20,82;82;365;22,47;82;365;22,47;"PETROLINA";"-9.3886111";"-40.52333332";372,54;"Operante";1985-01-01;2024-05-31;"Diaria";"Convencional";"-9.3886111 -40.52333332 2022"
"474";2022;"A307";143;365;39,18;143;365;39,18;143;365;39,18;"PETROLINA";"-9.38833333";"-40.52333332";372,72;"Operante";2003-02-20;2024-05-31;"Diaria";"Automatica";"-9.38833333 -40.52333332 2022"
"475";2022;"A309";234;365;64,11;234;365;64,11;234;365;64,11;"ARCO VERDE";"-8.4336111";"-37.05555555";683,95;"Operante";2004-11-19;2024-05-31;"Diaria";"Automatica";"-8.4336111 -37.05555555 2022"
"476";2022;"A322";175;365;47,95;153;365;41,92;153;365;41,92;"GARANHUNS";"-8.91083333";"-36.49333333";827,78;"Operante";2007-07-07;2024-05-31;"Diaria";"Automatica";"-8.91083333 -36.49333333 2022"
"477";2022;"A328";152;365;41,64;152;365;41,64;152;365;41,64;"SURUBIM";"-7.83972221";"-35.80111111";421,44;"Operante";2008-03-08;2024-05-31;"Diaria";"Automatica";"-7.83972221 -35.80111111 2022"
"478";2022;"A329";239;365;65,48;239;365;65,48;239;365;65,48;"CABROBO";"-8.50388888";"-39.31527777";342,74;"Operante";2007-09-03;2024-05-31;"Diaria";"Automatica";"-8.50388888 -39.31527777 2022"
"479";2022;"A341";236;365;64,66;234;365;64,11;234;365;64,11;"CARUARU";"-8.36527777";"-36.02833332";852;"Operante";2007-11-20;2024-05-31;"Diaria";"Automatica";"-8.36527777 -36.02833332 2022"
"480";2022;"A349";52;365;14,25;50;365;13,7;50;365;13,7;"IBIMIRIM";"-8.50944444";"-37.71166666";434,23;"Pane";2008-10-13;2024-05-31;"Diaria";"Automatica";"-8.50944444 -37.71166666 2022"
"481";2022;"A350";365;365;100;365;365;100;365;365;100;"SERRA TALHADA";"-7.95416666";"-38.29499999";499,02;"Operante";2008-07-08;2024-05-31;"Diaria";"Automatica";"-7.95416666 -38.29499999 2022"
"482";2022;"A351";238;365;65,21;238;365;65,21;238;365;65,21;"FLORESTA";"-8.59888888";"-38.58416666";327,42;"Operante";2008-09-14;2024-05-31;"Diaria";"Automatica";"-8.59888888 -38.58416666 2022"
"483";2022;"A357";253;365;69,32;160;365;43,84;160;365;43,84;"PALMARES";"-8.66666666";"-35.56805554";164,01;"Operante";2008-09-03;2024-05-31;"Diaria";"Automatica";"-8.66666666 -35.56805554 2022"
"484";2022;"A366";241;365;66,03;240;365;65,75;240;365;65,75;"OURICURI";"-7.88583333";"-40.10277777";457,85;"Operante";2010-08-10;2024-05-31;"Diaria";"Automatica";"-7.88583333 -40.10277777 2022"
"485";2022;"A370";265;365;72,6;245;365;67,12;245;365;67,12;"SALGUEIRO";"-8.05805555";"-39.0961111";447;"Operante";2017-09-14;2024-05-31;"Diaria";"Automatica";"-8.05805555 -39.0961111 2022"
"486";2023;"82753";108;365;29,59;110;365;30,14;110;365;30,14;"OURICURI";"-7.87944443";"-40.09194444";462,01;"Operante";1985-01-01;2024-05-31;"Diaria";"Convencional";"-7.87944443 -40.09194444 2023"
"487";2023;"82781";365;365;100;365;365;100;365;365;100;"NAZARE DA MATA";"-7.73";"-35.25";87;"Desativada";1985-01-01;2024-05-31;"Diaria";"Convencional";"-7.73 -35.25 2023"
"488";2023;"82797";7;365;1,92;7;365;1,92;7;365;1,92;"SURUBIM";"-7.839628";"-35.801056";421,44;"Operante";1985-01-01;2024-05-31;"Diaria";"Convencional";"-7.839628 -35.801056 2023"
"489";2023;"82799";365;365;100;365;365;100;365;365;100;"GOIANA";"-7.55";"-34.98";11;"Desativada";1985-01-01;2024-05-31;"Diaria";"Convencional";"-7.55 -34.98 2023"
"490";2023;"82886";74;365;20,27;75;365;20,55;75;365;20,55;"CABROBO";"-8.50388888";"-39.31527777";342,78;"Operante";1985-01-01;2024-05-31;"Diaria";"Convencional";"-8.50388888 -39.31527777 2023"
"491";2023;"82890";16;365;4,38;20;365;5,48;20;365;5,48;"ARCO VERDE";"-8.4336111";"-37.05527777";683,91;"Operante";1985-01-01;2024-05-31;"Diaria";"Convencional";"-8.4336111 -37.05527777 2023"
"492";2023;"82897";365;365;100;365;365;100;365;365;100;"TAPACURA";"-8.17";"-35.18";102;"Desativada";1985-01-01;2024-05-31;"Diaria";"Convencional";"-8.17 -35.18 2023"
"493";2023;"82898";365;365;100;365;365;100;365;365;100;"OLINDA";"-8.02";"-34.85";55;"Desativada";1985-01-01;2024-05-31;"Diaria";"Convencional";"-8.02 -34.85 2023"
"494";2023;"82983";19;365;5,21;26;365;7,12;26;365;7,12;"PETROLINA";"-9.3886111";"-40.52333332";372,54;"Operante";1985-01-01;2024-05-31;"Diaria";"Convencional";"-9.3886111 -40.52333332 2023"
"495";2023;"A307";126;365;34,52;124;365;33,97;124;365;33,97;"PETROLINA";"-9.38833333";"-40.52333332";372,72;"Operante";2003-02-20;2024-05-31;"Diaria";"Automatica";"-9.38833333 -40.52333332 2023"
"496";2023;"A309";32;365;8,77;25;365;6,85;25;365;6,85;"ARCO VERDE";"-8.4336111";"-37.05555555";683,95;"Operante";2004-11-19;2024-05-31;"Diaria";"Automatica";"-8.4336111 -37.05555555 2023"
"497";2023;"A322";34;365;9,32;0;365;0;0;365;0;"GARANHUNS";"-8.91083333";"-36.49333333";827,78;"Operante";2007-07-07;2024-05-31;"Diaria";"Automatica";"-8.91083333 -36.49333333 2023"
"498";2023;"A328";53;365;14,52;49;365;13,42;49;365;13,42;"SURUBIM";"-7.83972221";"-35.80111111";421,44;"Operante";2008-03-08;2024-05-31;"Diaria";"Automatica";"-7.83972221 -35.80111111 2023"
"499";2023;"A329";0;365;0;0;365;0;0;365;0;"CABROBO";"-8.50388888";"-39.31527777";342,74;"Operante";2007-09-03;2024-05-31;"Diaria";"Automatica";"-8.50388888 -39.31527777 2023"
"500";2023;"A341";180;365;49,32;128;365;35,07;128;365;35,07;"CARUARU";"-8.36527777";"-36.02833332";852;"Operante";2007-11-20;2024-05-31;"Diaria";"Automatica";"-8.36527777 -36.02833332 2023"
"501";2023;"A349";0;365;0;0;365;0;0;365;0;"IBIMIRIM";"-8.50944444";"-37.71166666";434,23;"Pane";2008-10-13;2024-05-31;"Diaria";"Automatica";"-8.50944444 -37.71166666 2023"
"502";2023;"A350";61;365;16,71;61;365;16,71;61;365;16,71;"SERRA TALHADA";"-7.95416666";"-38.29499999";499,02;"Operante";2008-07-08;2024-05-31;"Diaria";"Automatica";"-7.95416666 -38.29499999 2023"
"503";2023;"A351";0;365;0;0;365;0;0;365;0;"FLORESTA";"-8.59888888";"-38.58416666";327,42;"Operante";2008-09-14;2024-05-31;"Diaria";"Automatica";"-8.59888888 -38.58416666 2023"
"504";2023;"A357";139;365;38,08;0;365;0;0;365;0;"PALMARES";"-8.66666666";"-35.56805554";164,01;"Operante";2008-09-03;2024-05-31;"Diaria";"Automatica";"-8.66666666 -35.56805554 2023"
"505";2023;"A366";169;365;46,3;170;365;46,58;170;365;46,58;"OURICURI";"-7.88583333";"-40.10277777";457,85;"Operante";2010-08-10;2024-05-31;"Diaria";"Automatica";"-7.88583333 -40.10277777 2023"
"506";2023;"A370";42;365;11,51;0;365;0;0;365;0;"SALGUEIRO";"-8.05805555";"-39.0961111";447;"Operante";2017-09-14;2024-05-31;"Diaria";"Automatica";"-8.05805555 -39.0961111 2023"
"507";2024;"82753";42;152;27,63;42;152;27,63;42;152;27,63;"OURICURI";"-7.87944443";"-40.09194444";462,01;"Operante";1985-01-01;2024-05-31;"Diaria";"Convencional";"-7.87944443 -40.09194444 2024"
"508";2024;"82781";152;152;100;152;152;100;152;152;100;"NAZARE DA MATA";"-7.73";"-35.25";87;"Desativada";1985-01-01;2024-05-31;"Diaria";"Convencional";"-7.73 -35.25 2024"
"509";2024;"82797";0;152;0;0;152;0;0;152;0;"SURUBIM";"-7.839628";"-35.801056";421,44;"Operante";1985-01-01;2024-05-31;"Diaria";"Convencional";"-7.839628 -35.801056 2024"
"510";2024;"82799";152;152;100;152;152;100;152;152;100;"GOIANA";"-7.55";"-34.98";11;"Desativada";1985-01-01;2024-05-31;"Diaria";"Convencional";"-7.55 -34.98 2024"
"511";2024;"82886";38;152;25;38;152;25;38;152;25;"CABROBO";"-8.50388888";"-39.31527777";342,78;"Operante";1985-01-01;2024-05-31;"Diaria";"Convencional";"-8.50388888 -39.31527777 2024"
"512";2024;"82890";2;152;1,32;3;152;1,97;3;152;1,97;"ARCO VERDE";"-8.4336111";"-37.05527777";683,91;"Operante";1985-01-01;2024-05-31;"Diaria";"Convencional";"-8.4336111 -37.05527777 2024"
"513";2024;"82897";152;152;100;152;152;100;152;152;100;"TAPACURA";"-8.17";"-35.18";102;"Desativada";1985-01-01;2024-05-31;"Diaria";"Convencional";"-8.17 -35.18 2024"
"514";2024;"82898";152;152;100;152;152;100;152;152;100;"OLINDA";"-8.02";"-34.85";55;"Desativada";1985-01-01;2024-05-31;"Diaria";"Convencional";"-8.02 -34.85 2024"
"515";2024;"82983";5;152;3,29;7;152;4,61;7;152;4,61;"PETROLINA";"-9.3886111";"-40.52333332";372,54;"Operante";1985-01-01;2024-05-31;"Diaria";"Convencional";"-9.3886111 -40.52333332 2024"
"516";2024;"A307";87;152;57,24;74;152;48,68;74;152;48,68;"PETROLINA";"-9.38833333";"-40.52333332";372,72;"Operante";2003-02-20;2024-05-31;"Diaria";"Automatica";"-9.38833333 -40.52333332 2024"
"517";2024;"A309";29;152;19,08;24;152;15,79;24;152;15,79;"ARCO VERDE";"-8.4336111";"-37.05555555";683,95;"Operante";2004-11-19;2024-05-31;"Diaria";"Automatica";"-8.4336111 -37.05555555 2024"
"518";2024;"A322";152;152;100;0;152;0;0;152;0;"GARANHUNS";"-8.91083333";"-36.49333333";827,78;"Operante";2007-07-07;2024-05-31;"Diaria";"Automatica";"-8.91083333 -36.49333333 2024"
"519";2024;"A328";105;152;69,08;104;152;68,42;104;152;68,42;"SURUBIM";"-7.83972221";"-35.80111111";421,44;"Operante";2008-03-08;2024-05-31;"Diaria";"Automatica";"-7.83972221 -35.80111111 2024"
"520";2024;"A329";0;152;0;0;152;0;0;152;0;"CABROBO";"-8.50388888";"-39.31527777";342,74;"Operante";2007-09-03;2024-05-31;"Diaria";"Automatica";"-8.50388888 -39.31527777 2024"
"521";2024;"A341";121;152;79,61;17;152;11,18;17;152;11,18;"CARUARU";"-8.36527777";"-36.02833332";852;"Operante";2007-11-20;2024-05-31;"Diaria";"Automatica";"-8.36527777 -36.02833332 2024"
"522";2024;"A349";29;152;19,08;28;152;18,42;28;152;18,42;"IBIMIRIM";"-8.50944444";"-37.71166666";434,23;"Pane";2008-10-13;2024-05-31;"Diaria";"Automatica";"-8.50944444 -37.71166666 2024"
"523";2024;"A350";0;152;0;0;152;0;0;152;0;"SERRA TALHADA";"-7.95416666";"-38.29499999";499,02;"Operante";2008-07-08;2024-05-31;"Diaria";"Automatica";"-7.95416666 -38.29499999 2024"
"524";2024;"A351";0;152;0;0;152;0;0;152;0;"FLORESTA";"-8.59888888";"-38.58416666";327,42;"Operante";2008-09-14;2024-05-31;"Diaria";"Automatica";"-8.59888888 -38.58416666 2024"
"525";2024;"A357";61;152;40,13;0;152;0;0;152;0;"PALMARES";"-8.66666666";"-35.56805554";164,01;"Operante";2008-09-03;2024-05-31;"Diaria";"Automatica";"-8.66666666 -35.56805554 2024"
"526";2024;"A366";0;152;0;0;152;0;0;152;0;"OURICURI";"-7.88583333";"-40.10277777";457,85;"Operante";2010-08-10;2024-05-31;"Diaria";"Automatica";"-7.88583333 -40.10277777 2024"
"527";2024;"A370";16;152;10,53;0;152;0;0;152;0;"SALGUEIRO";"-8.05805555";"-39.0961111";447;"Operante";2017-09-14;2024-05-31;"Diaria";"Automatica";"-8.05805555 -39.0961111 2024"
